DBMS,category_label,Multi_model_info,DBMS_insitelink,has_github_repo,has_company,github_repo_link,Score_Jun-2026,Rank_Jun-2026,org_name,repo_name,Developer,initial_release_recalc,current_release_recalc,open_source_license,License_info,cloud_based_only_recalc,Columnar,Content,Document,Event,Graph,Key-value,Multivalue,Native XML,Navigational,NoSQL,Object oriented,RDF,Relational,Search engine,Spatial,Time Series,Vector,Wide column,Spatial DBMS,Vector DBMS,DBMS_urnform
Oracle,Relational,"Relational DBMS,Document store,Graph DBMS,RDF store,Spatial DBMS,Vector DBMS",https://db-engines.com/en/system/Oracle,N,Y,-,1140.04,1,-,-,Oracle,1980,2023,N,restricted free version is available,N,0,0,1,0,1,0,0,0,0,0,0,1,1,0,1,0,1,0,1.0,0.0,oracle
MySQL,Relational,"Relational DBMS,Document store,Spatial DBMS",https://db-engines.com/en/system/MySQL,Y,Y,mysql/mysql-server,856.29,2,mysql,mysql-server,Oracle,1995,2024,Y,GPL version 2. Commercial licenses with extended functionallity are available,N,0,0,1,0,0,0,0,0,0,0,0,0,1,0,1,0,0,0,1.0,0.0,mysql
Microsoft SQL Server,Relational,"Relational DBMS,Document store,Graph DBMS,Spatial DBMS",https://db-engines.com/en/system/Microsoft+SQL+Server,N,Y,-,698.04,3,-,-,Microsoft,1989,2022,N,restricted free version is available,N,0,0,1,0,1,0,0,0,0,0,0,0,1,0,1,0,0,0,1.0,0.0,microsoft-sql-server
PostgreSQL,Relational,"Relational DBMS,Document store,Graph DBMS,Spatial DBMS,Vector DBMS",https://db-engines.com/en/system/PostgreSQL,Y,N,postgres/postgres,688.23,4,postgres,postgres,PostgreSQL Global Development Group,1989,2024,Y,BSD,N,0,0,1,0,1,0,0,0,0,0,0,0,1,0,1,0,1,0,1.0,1.0,postgresql
MongoDB,Document,"Document store,Key-value store,Spatial DBMS,Search engine,Time Series DBMS,Vector DBMS",https://db-engines.com/en/system/MongoDB,Y,Y,mongodb/mongo,387.97,5,mongodb,mongo,"MongoDB, Inc",2009,2024,Y,MongoDB Inc.'s Server Side Public License v1. Prior versions were published under GNU AGPL v3.0. Commercial licenses are also available.,N,0,0,1,0,0,1,0,0,0,0,0,0,0,1,1,1,1,0,1.0,1.0,mongodb
Snowflake,Relational,Relational DBMS,https://db-engines.com/en/system/Snowflake,Y_archivedas_twitter-archive/snowflake,Y,twitter-archive/snowflake,214.57,6,twitter-archive,snowflake,Snowflake Computing Inc.,2014,,N,,Y,0,0,0,0,0,0,0,0,0,0,0,0,1,0,0,0,0,0,0.0,0.0,snowflake
Databricks,Document,"Document store,Relational DBMS",https://db-engines.com/en/system/Databricks,N,N,-,157.58,7,-,-,Databricks,2013,,N,,Y,0,0,1,0,0,0,0,0,0,0,0,0,1,0,0,0,0,0,0.0,0.0,databricks
Redis,Key-value,"Key-value store,Document store,Graph DBMS,Spatial DBMS,Search engine,Time Series DBMS,Vector DBMS",https://db-engines.com/en/system/Redis,Y,Y,redis/redis,150.02,8,redis,redis,"Redis project core team, inspired by Salvatore Sanfilippo",2009,2024,Y,"source-available extensions (modules), commercial licenses for Redis Enterprise",N,0,0,1,0,1,1,0,0,0,0,0,0,0,1,1,1,1,0,1.0,1.0,redis
IBM Db2,Relational,"Relational DBMS,Document store,RDF store,Spatial DBMS",https://db-engines.com/en/system/IBM+Db2,N,Y,-,113.53,9,-,-,IBM,1983,2016,N,free version is available,N,0,0,1,0,0,0,0,0,0,0,0,1,1,0,1,0,0,0,1.0,0.0,ibm-db2
Apache Cassandra,Wide column,"Wide column store,Vector DBMS",https://db-engines.com/en/system/Apache+Cassandra,,,,102.97,10,,,Apache Software Foundation,2008,2024,Y,Apache version 2,N,0,0,0,0,0,0,0,0,0,0,0,0,0,0,0,0,1,1,,,apache-cassandra
SQLite,Relational,Relational DBMS,https://db-engines.com/en/system/SQLite,Y,N,sqlite/sqlite,95.44,11,sqlite,sqlite,Dwayne Richard Hipp,2000,2024,Y,Public Domain,N,0,0,0,0,0,0,0,0,0,0,0,0,1,0,0,0,0,0,0.0,0.0,sqlite
Elasticsearch,Search Engine,"Search engine,Vector DBMS,Document store,Spatial DBMS",https://db-engines.com/en/system/Elasticsearch,Y,Y,elastic/elasticsearch,94.65,12,elastic,elasticsearch,Elastic,2010,2023,Y,Elastic License,N,0,0,1,0,0,0,0,0,0,0,0,0,0,1,1,0,1,0,1.0,1.0,elasticsearch
MariaDB,Relational,"Relational DBMS,Document store,Graph DBMS,Spatial DBMS",https://db-engines.com/en/system/MariaDB,Y,Y_借壳上市,MariaDB/server,81.22,13,MariaDB,server,MariaDB plc (MariaDB Enterprise Platform and MariaDB),2009,2024,Y,"GPL version 2, commercial enterprise subscription available",N,0,0,1,0,1,0,0,0,0,0,0,0,1,0,1,0,0,0,1.0,0.0,mariadb
Microsoft Azure SQL Database,Relational,"Relational DBMS,Document store,Graph DBMS,Spatial DBMS",https://db-engines.com/en/system/Microsoft+Azure+SQL+Database,N,,-,74.92,14,-,-,Microsoft,2010,,N,,Y,0,0,1,0,1,0,0,0,0,0,0,0,1,0,1,0,0,0,1.0,0.0,microsoft-azure-sql-database
Apache Hive,Relational,Relational DBMS,https://db-engines.com/en/system/Apache+Hive,,,,71.54,15,,,Apache Software Foundation,2012,2022,Y,Apache Version 2,N,0,0,0,0,0,0,0,0,0,0,0,0,1,0,0,0,0,0,,,apache-hive
Splunk,Search Engine,Search engine,https://db-engines.com/en/system/Splunk,N,,-,71.21,16,-,-,Splunk Inc.,2003,,N,Limited free edition and free developer edition available,N,0,0,0,0,0,0,0,0,0,0,0,0,0,1,0,0,0,0,0.0,0.0,splunk
Microsoft Access,Relational,Relational DBMS,https://db-engines.com/en/system/Microsoft+Access,N,Y,-,64.91,17,-,-,Microsoft,1992,2019,N,Bundled with Microsoft Office,N,0,0,0,0,0,0,0,0,0,0,0,0,1,0,0,0,0,0,0.0,0.0,microsoft-access
Amazon DynamoDB,Document,"Document store,Key-value store",https://db-engines.com/en/system/Amazon+DynamoDB,N,,-,57.89,18,-,-,Amazon,2012,,N,free tier for a limited amount of database operations,Y,0,0,1,0,0,1,0,0,0,0,0,0,0,0,0,0,0,0,0.0,0.0,amazon-dynamodb
Google BigQuery,Relational,Relational DBMS,https://db-engines.com/en/system/Google+BigQuery,N_api_googleapis/python-bigquery,Y,-,52.41,19,-,-,Google,2010,,N,,Y,0,0,0,0,0,0,0,0,0,0,0,0,1,0,0,0,0,0,0.0,0.0,google-bigquery
Neo4j,Graph,Graph DBMS,https://db-engines.com/en/system/Neo4j,Y,Y,neo4j/neo4j,49.41,20,neo4j,neo4j,"Neo4j, Inc.",2007,2024,Y,"GPL version3, commercial licenses available",N,0,0,0,0,1,0,0,0,0,0,0,0,0,0,0,0,0,0,0.0,0.0,neo4j
Apache Solr,Search Engine,"Search engine,Spatial DBMS",https://db-engines.com/en/system/Apache+Solr,,,,33.59,21,,,Apache Software Foundation,2006,2024,Y,Apache Version 2,N,0,0,0,0,0,0,0,0,0,0,0,0,0,1,1,0,0,0,,,apache-solr
SAP HANA,Relational,"Relational DBMS,Document store,Graph DBMS,Spatial DBMS",https://db-engines.com/en/system/SAP+HANA,N,,-,32.46,22,-,-,SAP,2010,2023,N,,N,0,0,1,0,1,0,0,0,0,0,0,0,1,0,1,0,0,0,1.0,0.0,sap-hana
Teradata,Relational,"Relational DBMS,Document store,Graph DBMS,Spatial DBMS,Time Series DBMS",https://db-engines.com/en/system/Teradata,N,,-,31.35,23,-,-,Teradata,1984,2019,N,,N,0,0,1,0,1,0,0,0,0,0,0,0,1,0,1,1,0,0,1.0,0.0,teradata
FileMaker,Relational,Relational DBMS,https://db-engines.com/en/system/FileMaker,N,,-,28.55,24,-,-,Claris,1983,2021,N,,N,0,0,0,0,0,0,0,0,0,0,0,0,1,0,0,0,0,0,0.0,0.0,filemaker
SAP Adaptive Server,Relational,"Relational DBMS,Spatial DBMS",https://db-engines.com/en/system/SAP+Adaptive+Server,N,,-,24.97,25,-,-,"SAP, Sybase",1987,,N,,N,0,0,0,0,0,0,0,0,0,0,0,0,1,0,1,0,0,0,1.0,0.0,sap-adaptive-server
ClickHouse,Relational,"Relational DBMS,Document Stores,Spatial DBMS,Time Series DBMS,Vector DBMS",https://db-engines.com/en/system/ClickHouse,Y,Y_新成立,ClickHouse/ClickHouse,24.3,26,ClickHouse,ClickHouse,Clickhouse Inc.,2016,2025,Y,Apache 2.0,N,0,0,0,0,0,0,0,0,0,0,0,0,1,0,1,1,1,0,0.0,0.0,clickhouse
Apache Spark (SQL),Relational,Relational DBMS,https://db-engines.com/en/system/Apache+Spark+%28SQL%29,,,,22.44,27,,,Apache Software Foundation,2014,2023,Y,Apache 2.0,N,0,0,0,0,0,0,0,0,0,0,0,0,1,0,0,0,0,0,,,apache-spark-sql
PostGIS,Spatial,"Spatial DBMS,Relational DBMS",https://db-engines.com/en/system/PostGIS,Y,,postgis/postgis,22.08,28,postgis,postgis,,2005,2024,Y,GPL v2.0,N,0,0,0,0,0,0,0,0,0,0,0,0,1,0,1,0,0,0,1.0,0.0,postgis
Microsoft Azure Cosmos DB,Document,"Document store,Graph DBMS,Key-value store,Wide column store,Spatial DBMS",https://db-engines.com/en/system/Microsoft+Azure+Cosmos+DB,N,,-,21.65,29,-,-,Microsoft,2014,,N,,Y,0,0,1,0,1,1,0,0,0,0,0,0,0,0,1,0,0,1,1.0,0.0,microsoft-azure-cosmos-db
InfluxDB,Time Series,"Time Series DBMS,Spatial DBMS",https://db-engines.com/en/system/InfluxDB,Y,,influxdata/influxdb,21.6,30,influxdata,influxdb,,2013,2024,Y,MIT-License; commercial enterprise version available,N,0,0,0,0,0,0,0,0,0,0,0,0,0,0,1,1,0,0,1.0,0.0,influxdb
Apache HBase,Wide column,Wide column store,https://db-engines.com/en/system/Apache+HBase,,,,20.95,31,,,Apache Software Foundation,2008,2021,Y,Apache version 2,N,0,0,0,0,0,0,0,0,0,0,0,0,0,0,0,0,0,1,,,apache-hbase
OpenSearch,Search Engine,"Search engine,Vector DBMS,Vector DBMS",https://db-engines.com/en/system/OpenSearch,Y,Y,opensearch-project/OpenSearch,20.42,32,opensearch-project,OpenSearch,The OpenSearch Software Foundation,2021,2025,Y,Apache Version 2.0,N,0,0,0,0,0,0,0,0,0,0,0,0,0,1,0,0,1,0,0.0,1.0,opensearch
Microsoft Fabric,Relational,Relational DBMS,https://db-engines.com/en/system/Microsoft+Fabric,,,,18.15,33,,,Microsoft,,,,,,0,0,0,0,0,0,0,0,0,0,0,0,1,0,0,0,0,0,,,microsoft-fabric
Firebird,Relational,Relational DBMS,https://db-engines.com/en/system/Firebird,Y,N,FirebirdSQL/firebird,17.71,34,FirebirdSQL,firebird,Firebird Foundation,2000,2024,Y,Initial Developer's Public License,N,0,0,0,0,0,0,0,0,0,0,0,0,1,0,0,0,0,0,0.0,0.0,firebird
Microsoft Azure Synapse Analytics,Relational,Relational DBMS,https://db-engines.com/en/system/Microsoft+Azure+Synapse+Analytics,N,,-,16.62,35,-,-,Microsoft,2016,,N,,Y,0,0,0,0,0,0,0,0,0,0,0,0,1,0,0,0,0,0,0.0,0.0,microsoft-azure-synapse-analytics
Firebase Realtime Database,Document,Document store,https://db-engines.com/en/system/Firebase+Realtime+Database,N,,-,15.53,36,-,-,Google,2012,,N,,Y,0,0,1,0,0,0,0,0,0,0,0,0,0,0,0,0,0,0,0.0,0.0,firebase-realtime-database
Amazon Redshift,Relational,Relational DBMS,https://db-engines.com/en/system/Amazon+Redshift,N,,-,15.52,37,-,-,"Amazon (based on,PostgreSQL,)",2012,,N,,Y,0,0,0,0,0,0,0,0,0,0,0,0,1,0,0,0,0,0,0.0,0.0,amazon-redshift
Informix,Relational,"Relational DBMS,Document store,Spatial DBMS,Time Series DBMS",https://db-engines.com/en/system/Informix,N,Y,-,13.48,38,-,-,"IBM, HCL Technologies",1984,2020,N,free developer edition available,N,0,0,1,0,0,0,0,0,0,0,0,0,1,0,1,1,0,0,1.0,0.0,informix
Memcached,Key-value,Key-value store,https://db-engines.com/en/system/Memcached,Y,,memcached/memcached,13.1,39,memcached,memcached,Danga Interactive,2003,2024,Y,BSD license,N,0,0,0,0,0,1,0,0,0,0,0,0,0,0,0,0,0,0,0.0,0.0,memcached
Apache Impala,Relational,"Relational DBMS,Document store",https://db-engines.com/en/system/Apache+Impala,,,,11.0,40,,,Apache Software Foundation,2013,2022,Y,Apache Version 2,N,0,0,1,0,0,0,0,0,0,0,0,0,1,0,0,0,0,0,,,apache-impala
Apache Flink,Relational,Relational DBMS,https://db-engines.com/en/system/Apache+Flink,Y,,apache/flink,10.59,41,apache,flink,Apache Software Foundation and contributors,,2024,Y,,N,0,0,0,0,0,0,0,0,0,0,0,0,1,0,0,0,0,0,0.0,0.0,apache-flink
DuckDB,Relational,Relational DBMS,https://db-engines.com/en/system/DuckDB,Y,,duckdb/duckdb,10.3,42,duckdb,duckdb,,2018,2024,Y,MIT License,N,0,0,0,0,0,0,0,0,0,0,0,0,1,0,0,0,0,0,0.0,0.0,duckdb
Couchbase,Document,"Document store,Vector DBMS,Key-value store,Spatial DBMS,Search engine,Time Series DBMS,Vector DBMS,Wide column store",https://db-engines.com/en/system/Couchbase,Y,Y,couchbase/couchbase-lite-core,9.76,43,couchbase,couchbase-lite-core,"Couchbase, Inc.",2011,2024,Y,Business Source License (BSL 1.1); Commercial licenses also available,N,0,0,1,0,0,1,0,0,0,0,0,0,0,1,1,1,1,1,1.0,0.0,couchbase
Amazon Aurora,Relational,"Relational DBMS,Document store,Spatial DBMS,Vector DBMS",https://db-engines.com/en/system/Amazon+Aurora,N,,-,9.61,44,-,-,Amazon,2015,2024,N,,Y,0,0,1,0,0,0,0,0,0,0,0,0,1,0,1,0,1,0,0.0,0.0,amazon-aurora
Google Cloud Firestore,Document,Document store,https://db-engines.com/en/system/Google+Cloud+Firestore,N,,-,9.03,45,-,-,Google,2017,,N,,Y,0,0,1,0,0,0,0,0,0,0,0,0,0,0,0,0,0,0,0.0,0.0,google-cloud-firestore
Prometheus,Time Series,Time Series DBMS,https://db-engines.com/en/system/Prometheus,Y,N,prometheus/prometheus,8.96,46,prometheus,prometheus,,2015,,Y,Apache 2.0,N,0,0,0,0,0,0,0,0,0,0,0,0,0,0,0,1,0,0,0.0,0.0,prometheus
Vertica,Relational,"Relational DBMS,Spatial DBMS,Time Series DBMS",https://db-engines.com/en/system/Vertica,N,Y,-,8.75,47,-,-,OpenText,2005,2023,N,Limited community edition free,N,0,0,0,0,0,0,0,0,0,0,0,0,1,0,1,1,0,0,1.0,0.0,vertica
Pinecone,Vector,Vector DBMS,https://db-engines.com/en/system/Pinecone,N,Y,-,8.63,48,-,-,"Pinecone Systems, Inc",2019,,N,,Y,0,0,0,0,0,0,0,0,0,0,0,0,0,0,0,0,1,0,0.0,1.0,pinecone
dBASE,Relational,Relational DBMS,https://db-engines.com/en/system/dBASE,N,,-,8.19,49,-,-,Asthon Tate,1979,2019,N,,N,0,0,0,0,0,0,0,0,0,0,0,0,1,0,0,0,0,0,0.0,0.0,dbase
H2,Relational,"Relational DBMS,Spatial DBMS",https://db-engines.com/en/system/H2,Y,N,h2database/h2database,8.06,50,h2database,h2database,Thomas Mueller,2005,2023,Y,"dual-licence (Mozilla public license, Eclipse public license)",N,0,0,0,0,0,0,0,0,0,0,0,0,1,0,1,0,0,0,1.0,0.0,h2
Kdb,Time Series,"Time Series DBMS,Vector DBMS,Relational DBMS",https://db-engines.com/en/system/Kdb,Y,,KxSystems/kdb,7.29,51,KxSystems,kdb,"Kx Systems, a division of First Derivatives plc",2000,2018,N,free 32-bit version,N,0,0,0,0,0,0,0,0,0,0,0,0,1,0,0,1,1,0,0.0,1.0,kdb
etcd,Key-value,Key-value store,https://db-engines.com/en/system/etcd,Y,,etcd-io/etcd,7.02,52,etcd-io,etcd,,,2019,Y,Apache Version 2.0,N,0,0,0,0,0,1,0,0,0,0,0,0,0,0,0,0,0,0,0.0,0.0,etcd
Trino,Relational,"Relational DBMS,Document store,Key-value store,Spatial DBMS,Search engine,Time Series DBMS,Wide column store",https://db-engines.com/en/system/Trino,Y,,trinodb/trino,7.0,53,trinodb,trino,Trino Software Foundation,2012,,Y,Apache Version 2.0,N,0,0,1,0,0,1,0,0,0,0,0,0,1,1,1,1,0,1,1.0,0.0,trino
Algolia,Search Engine,Search engine,https://db-engines.com/en/system/Algolia,N,,-,6.83,54,-,-,,2012,,N,,Y,0,0,0,0,0,0,0,0,0,0,0,0,0,1,0,0,0,0,0.0,0.0,algolia
Netezza,Relational,Relational DBMS,https://db-engines.com/en/system/Netezza,N,,-,6.74,55,-,-,IBM,2000,,N,,N,0,0,0,0,0,0,0,0,0,0,0,0,1,0,0,0,0,0,0.0,0.0,netezza
Milvus,Vector,Vector DBMS,https://db-engines.com/en/system/Milvus,Y,,milvus-io/milvus,6.37,56,milvus-io,milvus,,2019,2024,Y,Apache Version 2.0,N,0,0,0,0,0,0,0,0,0,0,0,0,0,0,0,0,1,0,0.0,1.0,milvus
Microsoft Azure AI Search,Search Engine,"Search engine,Vector DBMS",https://db-engines.com/en/system/Microsoft+Azure+AI+Search,N,,-,6.33,57,-,-,Microsoft,2015,,N,,Y,0,0,0,0,0,0,0,0,0,0,0,0,0,1,0,0,1,0,0.0,,microsoft-azure-ai-search
Realm,Document,Document store,https://db-engines.com/en/system/Realm,Y,,realm/realm-core,6.29,58,realm,realm-core,"Realm, acquired by MongoDB in May 2019",2014,,Y,,N,0,0,1,0,0,0,0,0,0,0,0,0,0,0,0,0,0,0,0.0,0.0,realm
Presto,Relational,Relational DBMS,https://db-engines.com/en/system/Presto,Y,N_Facebook开源,prestodb/presto,6.11,59,prestodb,presto,Facebook; Presto Foundation,2013,,Y,Apache 2.0,N,0,0,0,0,0,0,0,0,0,0,0,0,1,0,0,0,0,0,0.0,0.0,presto
Greenplum,Relational,"Relational DBMS,Document store,Spatial DBMS",https://db-engines.com/en/system/Greenplum,Y,Y,greenplum-db/gpdb-archive,6.08,60,greenplum-db,gpdb-archive,Pivotal Software Inc.,2005,2023,N,Apache 2.0,N,0,0,1,0,0,0,0,0,0,0,0,0,1,0,1,0,0,0,1.0,0.0,greenplum
CouchDB,Document,"Document store,Spatial DBMS",https://db-engines.com/en/system/CouchDB,Y,N,apache/couchdb,6.07,61,apache,couchdb,Apache Software Foundation,2005,2023,Y,Apache version 2,N,0,0,1,0,0,0,0,0,0,0,0,0,0,0,1,0,0,0,1.0,0.0,couchdb
TimescaleDB,Time Series,"Time Series DBMS,Relational DBMS",https://db-engines.com/en/system/TimescaleDB,Y,,timescale/timescaledb,6.04,62,timescale,timescaledb,Timescale,2017,2024,Y,Apache 2.0,N,0,0,0,0,0,0,0,0,0,0,0,0,1,0,0,1,0,0,0.0,0.0,timescaledb
Sphinx,Search Engine,Search engine,https://db-engines.com/en/system/Sphinx,Y,Y,sphinxsearch/sphinx,5.9,63,sphinxsearch,sphinx,Sphinx Technologies Inc.,2001,2023,Y,"GPL version 2, commercial licence available",N,0,0,0,0,0,0,0,0,0,0,0,0,0,1,0,0,0,0,0.0,0.0,sphinx
Qdrant,Vector,Vector DBMS,https://db-engines.com/en/system/Qdrant,Y,,qdrant/qdrant,5.58,64,qdrant,qdrant,Qdrant,2021,,Y,Apache Version 2.0,N,0,0,0,0,0,0,0,0,0,0,0,0,0,0,0,0,1,0,0.0,1.0,qdrant
DolphinDB,Time Series,"Time Series DBMS,Vector DBMS,Relational DBMS",https://db-engines.com/en/system/DolphinDB,N,,-,5.4,65,-,-,"DolphinDB, Inc",2018,2022,N,free community version available,N,0,0,0,0,0,0,0,0,0,0,0,0,1,0,0,1,1,0,0.0,0.0,dolphindb
ScyllaDB,Wide column,"Wide column store,Key-value store",https://db-engines.com/en/system/ScyllaDB,Y,,scylladb/scylla,4.73,66,scylladb,scylla,ScyllaDB,2015,2024,Y,"Open Source (AGPL), commercial license available",N,0,0,0,0,0,1,0,0,0,0,0,0,0,0,0,0,0,1,0.0,0.0,scylladb
Graphite,Time Series,Time Series DBMS,https://db-engines.com/en/system/Graphite,Y,,graphite-project/graphite-web,4.66,67,graphite-project,graphite-web,Chris Davis,2006,,Y,Apache 2.0,N,0,0,0,0,0,0,0,0,0,0,0,0,0,0,0,1,0,0,0.0,0.0,graphite
Hazelcast,Key-value,"Key-value store,Document store",https://db-engines.com/en/system/Hazelcast,Y,,hazelcast/hazelcast,4.61,68,hazelcast,hazelcast,Hazelcast,2008,2023,Y,Apache Version 2; commercial licenses available,N,0,0,1,0,0,1,0,0,0,0,0,0,0,0,0,0,0,0,0.0,0.0,hazelcast
Oracle Essbase,Relational,Relational DBMS,https://db-engines.com/en/system/Oracle+Essbase,N,,-,4.59,69,-,-,Oracle,1998,2020,N,,N,0,0,0,0,0,0,0,0,0,0,0,0,1,0,0,0,0,0,0.0,0.0,oracle-essbase
Weaviate,Vector,Vector DBMS,https://db-engines.com/en/system/Weaviate,Y,,semi-technologies/weaviate,4.55,70,semi-technologies,weaviate,Weaviate B.V.,2019,2023,Y,commercial license available with Weaviate Enterprise,N,0,0,0,0,0,0,0,0,0,0,0,0,0,0,0,0,1,0,0.0,1.0,weaviate
CockroachDB,Relational,"Multi-Model DBMS,Relational DBMS,CockroachDB supports relational,semi-structured JSON/document,vector/embedding,geospatial,and typed categorical/enumeration data,all exposed via SQL,on the same strongly consistent,globally distributed data platform.",https://db-engines.com/en/system/CockroachDB,Y,Y,cockroachdb/cockroach,4.16,71,cockroachdb,cockroach,Cockroach Labs,2015,2026,Y,"Apache 2.0, commercial license available",N,0,0,0,0,0,0,0,0,0,0,0,0,1,0,0,0,0,0,0.0,0.0,cockroachdb
MarkLogic,Document,"Document store,Native XML DBMS,RDF store,Search engine,Vector DBMS",https://db-engines.com/en/system/MarkLogic,N,,-,4.03,72,-,-,MarkLogic Corp.,2001,2022,N,restricted free version is available,N,0,0,1,0,0,0,0,1,0,0,0,1,0,1,0,0,1,0,0.0,0.0,marklogic
TiDB,Relational,"Relational DBMS,Vector DBMS",https://db-engines.com/en/system/TiDB,Y,Y,pingcap/tidb,3.96,73,pingcap,tidb,"PingCAP, Inc.",2016,2024,Y,Apache 2.0,N,0,0,0,0,0,0,0,0,0,0,0,0,1,0,0,0,1,0,0.0,0.0,tidb
Interbase,Relational,Relational DBMS,https://db-engines.com/en/system/Interbase,N,,-,3.89,74,-,-,Embarcadero,1984,2019,N,,N,0,0,0,0,0,0,0,0,0,0,0,0,1,0,0,0,0,0,0.0,0.0,interbase
Apache Jackrabbit,Content,Content stores,https://db-engines.com/en/system/Apache+Jackrabbit,,,,3.79,75,,,Apache Software Foundation,2006,2022,Y,,N,0,1,0,0,0,0,0,0,0,0,0,0,0,0,0,0,0,0,,,apache-jackrabbit
RocksDB,Key-value,Key-value store,https://db-engines.com/en/system/RocksDB,Y,Y,facebook/rocksdb,3.77,76,facebook,rocksdb,"Facebook, Inc.",2013,2024,Y,BSD,N,0,0,0,0,0,1,0,0,0,0,0,0,0,0,0,0,0,0,0.0,0.0,rocksdb
Aerospike,Document,"Document store,Graph DBMS,Key-value store,Spatial DBMS",https://db-engines.com/en/system/Aerospike,Y,,aerospike/aerospike-server,3.71,77,aerospike,aerospike-server,Aerospike,2012,2025,Y,Apache and AGPL Licenses; open sourced in June 2014; commercial Enterprise Edition available,N,0,0,1,0,1,1,0,0,0,0,0,0,0,0,1,0,0,0,1.0,0.0,aerospike
QuestDB,Time Series,"Time Series DBMS,Relational DBMS",https://db-engines.com/en/system/QuestDB,Y,,questdb/questdb,3.66,78,questdb,questdb,QuestDB Technology Inc,2014,,Y,Apache 2.0,N,0,0,0,0,0,0,0,0,0,0,0,0,1,0,0,1,0,0,0.0,0.0,questdb
OpenEdge,Relational,Relational DBMS,https://db-engines.com/en/system/OpenEdge,N,,-,3.55,79,-,-,Progress Software Corporation,1984,2020,N,,N,0,0,0,0,0,0,0,0,0,0,0,0,1,0,0,0,0,0,0.0,0.0,openedge
ArangoDB,Document,"Document store,Graph DBMS,Key-value store,Search engine",https://db-engines.com/en/system/ArangoDB,Y,Y,arangodb/arangodb,3.52,80,arangodb,arangodb,ArangoDB Inc.,2012,2023,Y,Apache Version 2; Commercial license (Enterprise) available,N,0,0,1,0,1,1,0,0,0,0,0,0,0,1,0,0,0,0,0.0,0.0,arangodb
Alibaba Cloud PolarDB,Relational,Relational DBMS,https://db-engines.com/en/system/Alibaba+Cloud+PolarDB,,,,3.52,81,,,Alibaba,,,N,,Y,0,0,0,0,0,0,0,0,0,0,0,0,1,0,0,0,0,0,,,alibaba-cloud-polardb
Apache Druid,Relational,"Relational DBMS,Time Series DBMS",https://db-engines.com/en/system/Apache+Druid,Y,N,apache/druid,3.49,82,apache,druid,Apache Software Foundation and contributors,2012,2025,Y,Apache license v2,N,0,0,0,0,0,0,0,0,0,0,0,0,1,0,0,1,0,0,0.0,0.0,apache-druid
Oracle NoSQL,Document,"Document store,Key-value store,Relational DBMS",https://db-engines.com/en/system/Oracle+NoSQL,Y,N,oracle/nosql-go-sdk,3.48,83,oracle,nosql-go-sdk,Oracle,2011,2025,Y,"Proprietary for Enterprise Edition (Oracle Database EE license has Oracle NoSQL database EE covered:,details,)",N,0,0,1,0,0,1,0,0,0,0,0,0,1,0,0,0,0,0,0.0,0.0,oracle-nosql
Google Cloud Datastore,Document,Document store,https://db-engines.com/en/system/Google+Cloud+Datastore,N,,-,3.45,84,-,-,Google,2008,,N,,Y,0,0,1,0,0,0,0,0,0,0,0,0,0,0,0,0,0,0,0.0,0.0,google-cloud-datastore
SAP SQL Anywhere,Relational,Relational DBMS,https://db-engines.com/en/system/SAP+SQL+Anywhere,N,,-,3.44,85,-,-,SAP,1992,2015,N,,N,0,0,0,0,0,0,0,0,0,0,0,0,1,0,0,0,0,0,0.0,0.0,sap-sql-anywhere
Datastax Enterprise,Wide column,"Wide column store,Document store,Graph DBMS,Spatial DBMS,Search engine,Vector DBMS",https://db-engines.com/en/system/Datastax+Enterprise,N,,-,3.15,86,-,-,DataStax,2011,2020,N,,N,0,0,1,0,1,0,0,0,0,0,0,0,0,1,1,0,1,1,1.0,1.0,datastax-enterprise
Microsoft Azure Data Explorer,Relational,"Relational DBMS,Document store,Event Store,Graph DBMS,Spatial DBMS,Search engine,Time Series DBMS",https://db-engines.com/en/system/Microsoft+Azure+Data+Explorer,N,,-,3.15,87,-,-,Microsoft,2019,,N,,Y,0,0,1,1,1,0,0,0,0,0,0,0,1,1,1,1,0,0,1.0,0.0,microsoft-azure-data-explorer
Ingres,Relational,Relational DBMS,https://db-engines.com/en/system/Ingres,Y,,fosslc/Ingres,3.1,88,fosslc,Ingres,Actian Corporation,1974,2024,N,,N,0,0,0,0,0,0,0,0,0,0,0,0,1,0,0,0,0,0,0.0,0.0,ingres
Ehcache,Key-value,Key-value store,https://db-engines.com/en/system/Ehcache,Y,Y,ehcache/ehcache3,3.08,89,ehcache,ehcache3,"Terracotta Inc, owned by Software AG",2009,2022,Y,Apache Version 2; commercial licenses available,N,0,0,0,0,0,1,0,0,0,0,0,0,0,0,0,0,0,0,0.0,0.0,ehcache
Riak KV,Key-value,Key-value store,https://db-engines.com/en/system/Riak+KV,Y,,basho/riak_kv,3.08,90,basho,riak_kv,"OpenSource, formerly Basho Technologies",2009,2022,Y,"Apache version 2, commercial enterprise edition",N,0,0,0,0,0,1,0,0,0,0,0,0,0,0,0,0,0,0,0.0,0.0,riak-kv
Apache Derby,Relational,Relational DBMS,https://db-engines.com/en/system/Apache+Derby,,,,3.04,91,,,Apache Software Foundation,1997,2023,Y,Apache version 2,N,0,0,0,0,0,0,0,0,0,0,0,0,1,0,0,0,0,0,,,apache-derby
Chroma,Vector,Vector DBMS,https://db-engines.com/en/system/Chroma,Y,,chroma-core/chroma,2.96,92,chroma-core,chroma,Chroma,,,Y,Apache-2.0 license,N,0,0,0,0,0,0,0,0,0,0,0,0,0,0,0,0,1,0,0.0,1.0,chroma
SingleStore,Relational,"Relational DBMS,Document store,Spatial DBMS,Time Series DBMS,Vector DBMS",https://db-engines.com/en/system/SingleStore,N,,-,2.9,93,-,-,SingleStore Inc.,2013,2024,N,free developer edition available,N,0,0,1,0,0,0,0,0,0,0,0,0,1,0,1,1,1,0,1.0,1.0,singlestore
Google Cloud Spanner,Relational,Relational DBMS,https://db-engines.com/en/system/Google+Cloud+Spanner,N,,-,2.82,94,-,-,Google,2017,,N,,Y,0,0,0,0,0,0,0,0,0,0,0,0,1,0,0,0,0,0,0.0,0.0,google-cloud-spanner
TDengine,Time Series,"Time Series DBMS,Relational DBMS",https://db-engines.com/en/system/TDengine,Y,,taosdata/TDengine,2.81,95,taosdata,TDengine,"TDEngine, previously Taos Data",2019,2022,Y,"AGPL V3, also commercial editions available",N,0,0,0,0,0,0,0,0,0,0,0,0,1,0,0,1,0,0,0.0,0.0,tdengine
Microsoft Azure Table Storage,Wide column,Wide column store,https://db-engines.com/en/system/Microsoft+Azure+Table+Storage,N,,-,2.8,96,-,-,Microsoft,2012,,N,,Y,0,0,0,0,0,0,0,0,0,0,0,0,0,0,0,0,0,1,0.0,0.0,microsoft-azure-table-storage
Apache Ignite,Key-value,"Key-value store,Relational DBMS",https://db-engines.com/en/system/Apache+Ignite,,,,2.77,97,,,Apache Software Foundation,2015,2023,Y,Apache 2.0,N,0,0,0,0,0,1,0,0,0,0,0,0,1,0,0,0,0,0,,,apache-ignite
Adabas,Multivalue,Multivalue DBMS,https://db-engines.com/en/system/Adabas,Y,,jrmarino/AdaBase,2.74,98,jrmarino,AdaBase,Software AG,1971,,N,,N,0,0,0,0,0,0,1,0,0,0,0,0,0,0,0,0,0,0,0.0,0.0,adabas
HyperSQL,Relational,Relational DBMS,https://db-engines.com/en/system/HyperSQL,Y,N,ryenus/hsqldb,2.63,99,ryenus,hsqldb,,2001,2023,Y,based on BSD license,N,0,0,0,0,0,0,0,0,0,0,0,0,1,0,0,0,0,0,0.0,0.0,hypersql
Amazon Neptune,Graph,"Graph DBMS,RDF store",https://db-engines.com/en/system/Amazon+Neptune,N,,-,2.62,100,-,-,Amazon,2017,,N,,Y,0,0,0,0,1,0,0,0,0,0,0,1,0,0,0,0,0,0,0.0,0.0,amazon-neptune
Virtuoso,Document,"Document store,Graph DBMS,Native XML DBMS,Relational DBMS,RDF store,Search engine,Spatial DBMS",https://db-engines.com/en/system/Virtuoso,Y,,openlink/virtuoso-opensource,2.59,101,openlink,virtuoso-opensource,OpenLink Software,1998,2023,Y,"GPLv2, extended commercial license available",N,0,0,1,0,1,0,0,1,0,0,0,1,1,1,1,0,0,0,1.0,0.0,virtuoso
GemFire,Key-value,"Key-value store,Document store",https://db-engines.com/en/system/GemFire,N,Y,-,2.55,102,-,-,VMware,2004,2022,N,,N,0,0,1,0,0,1,0,0,0,0,0,0,0,0,0,0,0,0,0.0,0.0,gemfire
OrientDB,Document,"Document store,Graph DBMS,Key-value store",https://db-engines.com/en/system/OrientDB,Y,,orientechnologies/orientdb,2.5,103,orientechnologies,orientdb,OrientDB LTD; CallidusCloud; SAP,2010,2024,Y,Apache version 2,N,0,0,1,0,1,1,0,0,0,0,0,0,0,0,0,0,0,0,0.0,0.0,orientdb
Google Cloud Bigtable,Key-value,"Key-value store,Wide column store",https://db-engines.com/en/system/Google+Cloud+Bigtable,N,,-,2.5,104,-,-,Google,2015,,N,,Y,0,0,0,0,0,1,0,0,0,0,0,0,0,0,0,0,0,1,0.0,0.0,google-cloud-bigtable
GraphDB,Graph,"Graph DBMS,RDF store",https://db-engines.com/en/system/GraphDB,N,,-,2.5,105,-,-,"Ontotext, trading as Graphwise",2000,2026,N,Some plugins of GraphDB Workbench are open sourced,N,0,0,0,0,1,0,0,0,0,0,0,1,0,0,0,0,0,0,0.0,0.0,graphdb
Valkey,Key-value,Key-value store,https://db-engines.com/en/system/Valkey,,,,2.47,106,,,,2024,2024,Y,,N,0,0,0,0,0,1,0,0,0,0,0,0,0,0,0,0,0,0,,,valkey
Apache Jena - TDB,RDF,RDF store,https://db-engines.com/en/system/Apache+Jena+-+TDB,Y,N,apache/jena,2.47,107,apache,jena,Apache Software Foundation,2000,2023,Y,"Apache License, Version 2.0",N,0,0,0,0,0,0,0,0,0,0,0,1,0,0,0,0,0,0,0.0,0.0,apache-jena-tdb
Apache Accumulo,Wide column,Wide column store,https://db-engines.com/en/system/Apache+Accumulo,,,,2.44,108,,,,2008,2022,Y,,N,0,0,0,0,0,0,0,0,0,0,0,0,0,0,0,0,0,1,,,apache-accumulo
OceanBase,Relational,"Relational DBMS,Vector DBMS,Document store,Wide column store",https://db-engines.com/en/system/OceanBase,Y,,oceanbase/oceanbase,2.43,109,oceanbase,oceanbase,OceanBase,2010,2024,Y,Commercial license available,N,0,0,1,0,0,0,0,0,0,0,0,0,1,0,0,0,1,1,0.0,0.0,oceanbase
Coveo,Search Engine,Search engine,https://db-engines.com/en/system/Coveo,N,,-,2.39,110,-,-,Coveo,2012,,N,,Y,0,0,0,0,0,0,0,0,0,0,0,0,0,1,0,0,0,0,0.0,0.0,coveo
IBM Cloudant,Document,Document store,https://db-engines.com/en/system/IBM+Cloudant,N,,-,2.37,111,-,-,"IBM, Apache Software Foundation",2010,,N,,Y,0,0,1,0,0,0,0,0,0,0,0,0,0,0,0,0,0,0,0.0,0.0,ibm-cloudant
RavenDB,Document,"Document store,Graph DBMS,Spatial DBMS,Time Series DBMS",https://db-engines.com/en/system/RavenDB,Y,,ravendb/ravendb,2.28,112,ravendb,ravendb,Hibernating Rhinos,2010,2022,Y,"AGPL version 3, commercial license available",N,0,0,1,0,1,0,0,0,0,0,0,0,0,0,1,1,0,0,1.0,0.0,ravendb
SAP IQ,Relational,Relational DBMS,https://db-engines.com/en/system/SAP+IQ,N,,-,2.28,113,-,-,"SAP, formerly Sybase",1994,2019,N,,N,0,0,0,0,0,0,0,0,0,0,0,0,1,0,0,0,0,0,0.0,0.0,sap-iq
RethinkDB,Document,"Document store,Spatial DBMS",https://db-engines.com/en/system/RethinkDB,Y,,rethinkdb/rethinkdb,2.21,114,rethinkdb,rethinkdb,The Linux Foundation,2009,2020,Y,Apache Version 2,N,0,0,1,0,0,0,0,0,0,0,0,0,0,0,1,0,0,0,1.0,0.0,rethinkdb
CloudKit,Document,Document store,https://db-engines.com/en/system/CloudKit,Y,,jcrosby/cloudkit,2.16,115,jcrosby,cloudkit,,2016,,N,,Y,0,0,1,0,0,0,0,0,0,0,0,0,0,0,0,0,0,0,0.0,0.0,cloudkit
Citus,Relational,"Relational DBMS,Document store",https://db-engines.com/en/system/Citus,Y,,citusdata/citus,2.15,116,citusdata,citus,,2010,2018,Y,"AGPL, commercial license also available",N,0,0,1,0,0,0,0,0,0,0,0,0,1,0,0,0,0,0,0.0,0.0,citus
YugabyteDB,Relational,"Relational DBMS,Document store,Wide column store",https://db-engines.com/en/system/YugabyteDB,Y,Y,yugabyte/yugabyte-db,2.08,117,yugabyte,yugabyte-db,Yugabyte Inc.,2017,2024,Y,Apache 2.0,N,0,0,1,0,0,0,0,0,0,0,0,0,1,0,0,0,0,1,0.0,0.0,yugabytedb
InterSystems IRIS,Document,"Document store,Key-value store,Object oriented DBMS,Relational DBMS",https://db-engines.com/en/system/InterSystems+IRIS,N,,-,2.07,118,-,-,InterSystems,2018,2023,N,,N,0,0,1,0,0,1,0,0,0,0,1,0,1,0,0,0,0,0,0.0,0.0,intersystems-iris
Apache Phoenix,Relational,Relational DBMS,https://db-engines.com/en/system/Apache+Phoenix,Y,N,apache/phoenix,2.06,119,apache,phoenix,Apache Software Foundation,2014,2019,Y,Apache Version 2.0,N,0,0,0,0,0,0,0,0,0,0,0,0,1,0,0,0,0,0,0.0,0.0,apache-phoenix
GBase,Relational,Relational DBMS,https://db-engines.com/en/system/GBase,N,,-,2.05,120,-,-,"General Data Technology Co., Ltd.",2004,,N,,N,0,0,0,0,0,0,0,0,0,0,0,0,1,0,0,0,0,0,0.0,0.0,gbase
"UniData,UniVerse",Multivalue,Multivalue DBMS,https://db-engines.com/en/system/UniData%2CUniVerse,N,,-,2.0,121,-,-,Rocket Software,1985,,N,,N,0,0,0,0,0,0,1,0,0,0,0,0,0,0,0,0,0,0,0.0,0.0,unidata-universe
4D,Relational,Relational DBMS,https://db-engines.com/en/system/4D,N,,-,1.98,122,-,-,"4D, Inc",1984,2023,N,,N,0,0,0,0,0,0,0,0,0,0,0,0,1,0,0,0,0,0,0.0,0.0,4d
Stardog,Graph,"Graph DBMS,RDF store",https://db-engines.com/en/system/Stardog,N,,-,1.95,123,-,-,Stardog-Union,2010,2020,N,60-day fully-featured trial license; 1-year fully-featured non-commercial use license for academics/students,N,0,0,0,0,1,0,0,0,0,0,0,1,0,0,0,0,0,0,0.0,0.0,stardog
Amazon DocumentDB,Document,Document store,https://db-engines.com/en/system/Amazon+DocumentDB,N,,-,1.93,124,-,-,,2019,,N,,Y,0,0,1,0,0,0,0,0,0,0,0,0,0,0,0,0,0,0,0.0,0.0,amazon-documentdb
LMDB,Key-value,Key-value store,https://db-engines.com/en/system/LMDB,Y,,LMDB/lmdb,1.9,125,LMDB,lmdb,Symas,2011,2024,Y,,N,0,0,0,0,0,1,0,0,0,0,0,0,0,0,0,0,0,0,0.0,0.0,lmdb
Amazon CloudSearch,Search Engine,Search engine,https://db-engines.com/en/system/Amazon+CloudSearch,N,,-,1.9,126,-,-,Amazon,2012,,N,,Y,0,0,0,0,0,0,0,0,0,0,0,0,0,1,0,0,0,0,0.0,0.0,amazon-cloudsearch
JanusGraph,Graph,Graph DBMS,https://db-engines.com/en/system/JanusGraph,Y,,JanusGraph/janusgraph,1.9,127,JanusGraph,janusgraph,"Linux Foundation; originally developed as,Titan,by Aurelius",2017,2023,Y,Apache 2.0,N,0,0,0,0,1,0,0,0,0,0,0,0,0,0,0,0,0,0,0.0,0.0,janusgraph
TigerGraph,Graph,Graph DBMS,https://db-engines.com/en/system/TigerGraph,N,,-,1.87,128,-,-,,2017,,N,,N,0,0,0,0,1,0,0,0,0,0,0,0,0,0,0,0,0,0,0.0,0.0,tigergraph
Percona Server for MySQL,Relational,Relational DBMS,https://db-engines.com/en/system/Percona+Server+for+MySQL,Y_replacementfor_MySQL,N,percona/percona-server,1.86,129,percona,percona-server,Percona,2008,2024,Y,GPL version 2,N,0,0,0,0,0,0,0,0,0,0,0,0,1,0,0,0,0,0,0.0,0.0,percona-server-for-mysql
Infinispan,Key-value,Key-value store,https://db-engines.com/en/system/Infinispan,Y,,infinispan/infinispan,1.83,130,infinispan,infinispan,,2009,2023,Y,Apache Version 2,N,0,0,0,0,0,1,0,0,0,0,0,0,0,0,0,0,0,0,0.0,0.0,infinispan
NebulaGraph,Graph,Graph DBMS,https://db-engines.com/en/system/NebulaGraph,Y_archivedas_nebula-graph,Y,vesoft-inc/nebula,1.83,131,vesoft-inc,nebula,Vesoft Inc.,2019,,Y,Apache Version 2.0 + Common Clause 1.0,N,0,0,0,0,1,0,0,0,0,0,0,0,0,0,0,0,0,0,0.0,0.0,nebulagraph
LevelDB,Key-value,Key-value store,https://db-engines.com/en/system/LevelDB,Y,,google/leveldb,1.83,132,google,leveldb,Google,2011,2021,Y,BSD,N,0,0,0,0,0,1,0,0,0,0,0,0,0,0,0,0,0,0,0.0,0.0,leveldb
PouchDB,Document,Document store,https://db-engines.com/en/system/PouchDB,Y,N,pouchdb/pouchdb,1.82,133,pouchdb,pouchdb,Apache Software Foundation,2012,2019,Y,,N,0,0,1,0,0,0,0,0,0,0,0,0,0,0,0,0,0,0,0.0,0.0,pouchdb
MaxDB,Relational,Relational DBMS,https://db-engines.com/en/system/MaxDB,N,,-,1.81,134,-,-,"SAP, acquired from Software AG (Adabas-D) in 1997",1984,2024,N,Limited community edition free,N,0,0,0,0,0,0,0,0,0,0,0,0,1,0,0,0,0,0,0.0,0.0,maxdb
Rockset,Document,"Document store,Relational DBMS,Search engine",https://db-engines.com/en/system/Rockset,N,,-,1.8,135,-,-,Rockset,2019,,N,,Y,0,0,1,0,0,0,0,0,0,0,0,0,1,1,0,0,0,0,0.0,0.0,rockset
EXASOL,Relational,Relational DBMS,https://db-engines.com/en/system/EXASOL,N,,-,1.8,136,-,-,Exasol,2000,,N,,N,0,0,0,0,0,0,0,0,0,0,0,0,1,0,0,0,0,0,0.0,0.0,exasol
Memgraph,Graph,Graph DBMS,https://db-engines.com/en/system/Memgraph,Y,,memgraph/memgraph,1.76,137,memgraph,memgraph,Memgraph Ltd,2017,,Y,BSL 1.1; commercial license for enterprise edition available,N,0,0,0,0,1,0,0,0,0,0,0,0,0,0,0,0,0,0,0.0,0.0,memgraph
Apache IoTDB,Time Series,Time Series DBMS,https://db-engines.com/en/system/Apache+IoTDB,Y,N,apache/iotdb,1.75,138,apache,iotdb,Apache Software Foundation,2018,2023,Y,Apache Version 2.0,N,0,0,0,0,0,0,0,0,0,0,0,0,0,0,0,1,0,0,0.0,0.0,apache-iotdb
StarRocks,Relational,Relational DBMS,https://db-engines.com/en/system/StarRocks,Y,,StarRocks/StarRocks,1.74,139,StarRocks,StarRocks,The Linux Foundation,2020,2024,Y,Apache Version 2.0,N,0,0,0,0,0,0,0,0,0,0,0,0,1,0,0,0,0,0,0.0,0.0,starrocks
Apache Drill,Document,"Document store,Relational DBMS",https://db-engines.com/en/system/Apache+Drill,Y,N,apache/drill,1.73,140,apache,drill,Apache Software Foundation,2012,2023,Y,Apache Version 2,N,0,0,1,0,0,0,0,0,0,0,0,0,1,0,0,0,0,0,0.0,0.0,apache-drill
VictoriaMetrics,Time Series,Time Series DBMS,https://db-engines.com/en/system/VictoriaMetrics,Y,,VictoriaMetrics/VictoriaMetrics,1.71,141,VictoriaMetrics,VictoriaMetrics,VictoriaMetrics,2018,2023,Y,Apache Version 2.0,N,0,0,0,0,0,0,0,0,0,0,0,0,0,0,0,1,0,0,0.0,0.0,victoriametrics
PlanetScale,Relational,"Relational DBMS,Document store,Spatial DBMS",https://db-engines.com/en/system/PlanetScale,N,,-,1.65,142,-,-,PlanetScale,2020,,N,,Y,0,0,1,0,0,0,0,0,0,0,0,0,1,0,1,0,0,0,1.0,0.0,planetscale
SpatiaLite,Spatial,"Spatial DBMS,Relational DBMS",https://db-engines.com/en/system/SpatiaLite,Y,,illarionov/SpatiaLite,1.65,143,illarionov,SpatiaLite,Alessandro Furieri,2008,2020,Y,"MPL 1.1, GPL v2.0 or LGPL v2.1",N,0,0,0,0,0,0,0,0,0,0,0,0,1,0,1,0,0,0,1.0,0.0,spatialite
EDB Postgres,Relational,"Relational DBMS,Document store,Spatial DBMS",https://db-engines.com/en/system/EDB+Postgres,N,,-,1.62,144,-,-,EnterpriseDB,2005,2021,N,BSD for PostgreSQL-components,N,0,0,1,0,0,0,0,0,0,0,0,0,1,0,1,0,0,0,1.0,0.0,edb-postgres
Oracle Coherence,Key-value,Key-value store,https://db-engines.com/en/system/Oracle+Coherence,Y_CommunityEdition,,oracle/coherence,1.61,145,oracle,coherence,Oracle,2007,2023,N,,N,0,0,0,0,0,1,0,0,0,0,0,0,0,0,0,0,0,0,0.0,0.0,oracle-coherence
Fauna,Document,"Document store,Graph DBMS,Relational DBMS,Time Series DBMS",https://db-engines.com/en/system/Fauna,N,,-,1.58,146,-,-,"Fauna, Inc.",2014,,N,,Y,0,0,1,0,1,0,0,0,0,0,0,0,1,0,0,1,0,0,0.0,0.0,fauna
Amazon SimpleDB,Key-value,Key-value store,https://db-engines.com/en/system/Amazon+SimpleDB,N,,-,1.56,147,-,-,Amazon,2007,,N,,Y,0,0,0,0,0,1,0,0,0,0,0,0,0,0,0,0,0,0,0.0,0.0,amazon-simpledb
Meilisearch,Search Engine,"Search engine,Vector DBMS",https://db-engines.com/en/system/Meilisearch,Y,,meilisearch/meilisearch,1.56,148,meilisearch,meilisearch,,2020,,Y,MIT License,N,0,0,0,0,0,0,0,0,0,0,0,0,0,1,0,0,1,0,0.0,0.0,meilisearch
Oracle Berkeley DB,Key-value,"Key-value store,Native XML DBMS",https://db-engines.com/en/system/Oracle+Berkeley+DB,Y,,berkeleydb/libdb,1.56,149,berkeleydb,libdb,Oracle,1994,2020,Y,commercial license available,N,0,0,0,0,0,1,0,1,0,0,0,0,0,0,0,0,0,0,0.0,0.0,oracle-berkeley-db
Datomic,Relational,Relational DBMS,https://db-engines.com/en/system/Datomic,N,,-,1.56,150,-,-,Cognitect,2012,2024,N,limited edition free,N,0,0,0,0,0,0,0,0,0,0,0,0,1,0,0,0,0,0,0.0,0.0,datomic
Vitess,Relational,"Relational DBMS,Document store,Spatial DBMS",https://db-engines.com/en/system/Vitess,Y,,vitessio/vitess,1.55,151,vitessio,vitess,"The Linux Foundation, PlanetScale",2013,2022,Y,"Apache Version 2.0, commercial licenses available",N,0,0,1,0,0,0,0,0,0,0,0,0,1,0,1,0,0,0,1.0,0.0,vitess
MonetDB,Relational,"Relational DBMS,Document store,Spatial DBMS",https://db-engines.com/en/system/MonetDB,Y,,MonetDB/MonetDB,1.55,152,MonetDB,MonetDB,MonetDB BV,2004,2023,Y,Mozilla Public License 2.0,N,0,0,1,0,0,0,0,0,0,0,0,0,1,0,1,0,0,0,1.0,0.0,monetdb
IMS,Navigational,Navigational DBMS,https://db-engines.com/en/system/IMS,N,,-,1.52,153,-,-,IBM,1966,2025,N,,N,0,0,0,0,0,0,0,0,1,0,0,0,0,0,0,0,0,0,0.0,0.0,ims
GridDB,Time Series,"Time Series DBMS,Key-value store,Relational DBMS",https://db-engines.com/en/system/GridDB,Y,,griddb/griddb,1.52,154,griddb,griddb,Toshiba Corporation,2013,2022,Y,"AGPL version 3 and Apache License, version 2.0 , commercial license (standard and advanced editions) also available",N,0,0,0,0,0,1,0,0,0,0,0,0,1,0,0,1,0,0,0.0,0.0,griddb
RRDtool,Time Series,Time Series DBMS,https://db-engines.com/en/system/RRDtool,Y,,oetiker/rrdtool-1.x,1.51,155,oetiker,rrdtool-1.x,Tobias Oetiker,1999,2022,Y,GPL V2 and FLOSS,N,0,0,0,0,0,0,0,0,0,0,0,0,0,0,0,1,0,0,0.0,0.0,rrdtool
OpenTSDB,Time Series,Time Series DBMS,https://db-engines.com/en/system/OpenTSDB,Y,,OpenTSDB/opentsdb,1.44,156,OpenTSDB,opentsdb,currently maintained by Yahoo and other contributors,2011,,Y,LGPL,N,0,0,0,0,0,0,0,0,0,0,0,0,0,0,0,1,0,0,0.0,0.0,opentsdb
BaseX,Native XML,Native XML DBMS,https://db-engines.com/en/system/BaseX,Y,,BaseXdb/basex,1.41,157,BaseXdb,basex,BaseX GmbH,2007,2024,Y,BSD license,N,0,0,0,0,0,0,0,1,0,0,0,0,0,0,0,0,0,0,0.0,0.0,basex
SurrealDB,Document,"Document store,Graph DBMS",https://db-engines.com/en/system/SurrealDB,Y,,surrealdb/surrealdb,1.41,158,surrealdb,surrealdb,SurrealDB Ltd,2022,2024,Y,,N,0,0,1,0,1,0,0,0,0,0,0,0,0,0,0,0,0,0,0.0,0.0,surrealdb
jBASE,Multivalue,Multivalue DBMS,https://db-engines.com/en/system/jBASE,N,,-,1.4,159,-,-,Rocket Software (formerly Zumasys),1991,,N,,N,0,0,0,0,0,0,1,0,0,0,0,0,0,0,0,0,0,0,0.0,0.0,jbase
D3,Multivalue,Multivalue DBMS,https://db-engines.com/en/system/D3,N,,-,1.39,160,-,-,"Rocket, formerly TigerLogic",1999,,N,,N,0,0,0,0,0,0,1,0,0,0,0,0,0,0,0,0,0,0,0.0,0.0,d3
GridGain,Columnar,"Columnar,Key-value store,Object oriented DBMS,Relational DBMS",https://db-engines.com/en/system/GridGain,Y_CommunityEdition,,gridgain/gridgain,1.38,161,gridgain,gridgain,"GridGain Systems, Inc.",2007,,"commercial, open source",,N,1,0,0,0,0,1,0,0,0,0,1,0,1,0,0,0,0,0,0.0,0.0,gridgain
Amazon Timestream,Time Series,Time Series DBMS,https://db-engines.com/en/system/Amazon+Timestream,N,,-,1.29,162,-,-,,2018,,N,,Y,0,0,0,0,0,0,0,0,0,0,0,0,0,0,0,1,0,0,0.0,0.0,amazon-timestream
TDSQL for MySQL,Relational,"Relational DBMS,Document store,Spatial DBMS",https://db-engines.com/en/system/TDSQL+for+MySQL,N,,-,1.28,163,-,-,Tencent,2013,,N,,Y,0,0,1,0,0,0,0,0,0,0,0,0,1,0,1,0,0,0,1.0,0.0,tdsql-for-mysql
Geode,Key-value,Key-value store,https://db-engines.com/en/system/Geode,Y,,apache/geode,1.28,164,apache,geode,Originally developed by Gemstone. They outsourced the project to Apache in 2015 but still deliver a commercial version as Gemfire.,2002,2017,Y,Apache Version 2; commercial licenses available as Gemfire,N,0,0,0,0,0,1,0,0,0,0,0,0,0,0,0,0,0,0,0.0,0.0,geode
Tarantool,Document,"Document store,Key-value store,Relational DBMS,Spatial DBMS",https://db-engines.com/en/system/Tarantool,Y,,tarantool/tarantool,1.27,165,tarantool,tarantool,VK,2008,2022,Y,"BSD-2, source-available extensions (modules), commercial licenses for Tarantool Enterprise",N,0,0,1,0,0,1,0,0,0,0,0,0,1,0,1,0,0,0,1.0,0.0,tarantool
Dgraph,Graph,Graph DBMS,https://db-engines.com/en/system/Dgraph,Y,Y,dgraph-io/dgraph,1.26,166,dgraph-io,dgraph,"Dgraph Labs, Inc.",2016,,Y,Apache 2.0,N,0,0,0,0,1,0,0,0,0,0,0,0,0,0,0,0,0,0,0.0,0.0,dgraph
Empress,Relational,Relational DBMS,https://db-engines.com/en/system/Empress,N,,-,1.24,167,-,-,,1981,2010,N,,N,0,0,0,0,0,0,0,0,0,0,0,0,1,0,0,0,0,0,0.0,0.0,empress
Actian NoSQL Database,Object Oriented,Object oriented DBMS,https://db-engines.com/en/system/Actian+NoSQL+Database,N,,-,1.22,168,-,-,Actian,1988,2017,N,,N,0,0,0,0,0,0,0,0,0,0,1,0,0,0,0,0,0,0,0.0,0.0,actian-nosql-database
VoltDB,Relational,Relational DBMS,https://db-engines.com/en/system/VoltDB,Y,Y,VoltDB/voltdb,1.21,169,VoltDB,voltdb,VoltDB Inc.,2010,2022,Y,"AGPL for Community Edition, commercial license for Enterprise, AWS, and Pro Editions",N,0,0,0,0,0,0,0,0,0,0,0,0,1,0,0,0,0,0,0.0,0.0,voltdb
HFSQL,Relational,Relational DBMS,https://db-engines.com/en/system/HFSQL,N,,-,1.2,170,-,-,PC Soft,,,N,,N,0,0,0,0,0,0,0,0,0,0,0,0,1,0,0,0,0,0,0.0,0.0,hfsql
ObjectBox,Object Oriented,"Object oriented DBMS,Vector DBMS,Time Series DBMS",https://db-engines.com/en/system/ObjectBox,Y,,objectbox/objectbox-java,1.18,171,objectbox,objectbox-java,ObjectBox Limited,2017,2024,Y,Apache License 2.0,N,0,0,0,0,0,0,0,0,0,0,1,0,0,0,0,1,1,0,0.0,0.0,objectbox
HEAVY.AI,Relational,"Relational DBMS,Spatial DBMS",https://db-engines.com/en/system/HEAVY.AI,Y,Y,heavyai/heavydb,1.18,172,heavyai,heavydb,"HEAVY.AI, Inc.",2016,2022,Y,Apache Version 2; enterprise edition available,N,0,0,0,0,0,0,0,0,0,0,0,0,1,0,1,0,0,0,1.0,0.0,heavyai
Mnesia,Document,Document store,https://db-engines.com/en/system/Mnesia,Y,,beardedeagle/mnesiac,1.17,173,beardedeagle,mnesiac,Ericsson,1999,2018,Y,proprietary license,N,0,0,1,0,0,0,0,0,0,0,0,0,0,0,0,0,0,0,0.0,0.0,mnesia
openGauss,Relational,"Relational DBMS,Document store,Spatial DBMS",https://db-engines.com/en/system/openGauss,Y,,opengauss-mirror/openGauss-server,1.17,174,opengauss-mirror,openGauss-server,Huawei and openGauss community,2019,2022,Y,,N,0,0,1,0,0,0,0,0,0,0,0,0,1,0,1,0,0,0,1.0,0.0,opengauss
Typesense,Search Engine,Search engine,https://db-engines.com/en/system/Typesense,Y,,typesense/typesense,1.17,175,typesense,typesense,,2015,,Y,GPL V3,N,0,0,0,0,0,0,0,0,0,0,0,0,0,1,0,0,0,0,0.0,0.0,typesense
Apache Kylin,Relational,Relational DBMS,https://db-engines.com/en/system/Apache+Kylin,Y,Y,apache/kylin,1.15,176,apache,kylin,"Apache Software Foundation, originally contributed from eBay Inc",2015,2020,Y,Apache Version 2.0,N,0,0,0,0,0,0,0,0,0,0,0,0,1,0,0,0,0,0,0.0,0.0,apache-kylin
Db4o,Object Oriented,Object oriented DBMS,https://db-engines.com/en/system/Db4o,Y,,iboxdb/db4o-gpl,1.15,177,iboxdb,db4o-gpl,,2001,,Y,commercial license available for existing customers only,N,0,0,0,0,0,0,0,0,0,0,1,0,0,0,0,0,0,0,0.0,0.0,db4o
IBM Db2 warehouse,Relational,Relational DBMS,https://db-engines.com/en/system/IBM+Db2+warehouse,N,,-,1.12,178,-,-,IBM,2014,,N,,Y,0,0,0,0,0,0,0,0,0,0,0,0,1,0,0,0,0,0,0.0,0.0,ibm-db2-warehouse
LiteDB,Document,Document store,https://db-engines.com/en/system/LiteDB,Y,,mbdavid/LiteDB,1.11,179,mbdavid,LiteDB,Mauricio David,2014,,Y,MIT License,N,0,0,1,0,0,0,0,0,0,0,0,0,0,0,0,0,0,0,0.0,0.0,litedb
Arc,Time Series,Time Series DBMS,https://db-engines.com/en/system/Arc,,,,1.11,180,,,,,,agpl-3.0,,,0,0,0,0,0,0,0,0,0,0,0,0,0,0,0,1,0,0,,,arc
ObjectStore,Object Oriented,Object oriented DBMS,https://db-engines.com/en/system/ObjectStore,N,,-,1.1,181,-,-,Ignite Technologies,1988,2014,N,,N,0,0,0,0,0,0,0,0,0,0,1,0,0,0,0,0,0,0,0.0,0.0,objectstore
Amazon Keyspaces,Wide column,Wide column store,https://db-engines.com/en/system/Amazon+Keyspaces,N,,-,1.1,182,-,-,Amazon,2019,,N,,Y,0,0,0,0,0,0,0,0,0,0,0,0,0,0,0,0,0,1,0.0,0.0,amazon-keyspaces
Tibero,Relational,Relational DBMS,https://db-engines.com/en/system/Tibero,N,,-,1.07,183,-,-,TmaxTibero,2003,2022,N,,N,0,0,0,0,0,0,0,0,0,0,0,0,1,0,0,0,0,0,0.0,0.0,tibero
TimesTen,Relational,Relational DBMS,https://db-engines.com/en/system/TimesTen,N,,-,1.06,184,-,-,Oracle,1998,,N,,N,0,0,0,0,0,0,0,0,0,0,0,0,1,0,0,0,0,0,0.0,0.0,timesten
Datameer,Document,Document store,https://db-engines.com/en/system/Datameer,N,,-,1.06,185,-,-,,2009,,N,,N,0,0,1,0,0,0,0,0,0,0,0,0,0,0,0,0,0,0,0.0,0.0,datameer
SQLBase,Relational,Relational DBMS,https://db-engines.com/en/system/SQLBase,N,,-,1.04,186,-,-,Open Text,1985,,N,,N,0,0,0,0,0,0,0,0,0,0,0,0,1,0,0,0,0,0,0.0,0.0,sqlbase
KurrentDB (aka EventStoreDB),Event,"Event Store,Document store,Time Series DBMS",https://db-engines.com/en/system/KurrentDB+%28aka+EventStoreDB%29,,,,1.02,188,,,"Kurrent, Inc. (aka EventStoreDB)",2012,2025,source available,,N,0,0,1,1,0,0,0,0,0,0,0,0,0,0,0,1,0,0,,,kurrentdb-aka-eventstoredb
Giraph,Graph,Graph DBMS,https://db-engines.com/en/system/Giraph,Y,,apache/giraph,1.02,189,apache,giraph,,2013,2020,Y,Apache Version 2,N,0,0,0,0,1,0,0,0,0,0,0,0,0,0,0,0,0,0,0.0,0.0,giraph
Dolt,Relational,"Relational DBMS,Document store",https://db-engines.com/en/system/Dolt,Y,Y,dolthub/dolt,1.01,190,dolthub,dolt,DoltHub Inc,2018,,Y,Apache Version 2.0,N,0,0,1,0,0,0,0,0,0,0,0,0,1,0,0,0,0,0,0.0,0.0,dolt
NonStop SQL,Relational,Relational DBMS,https://db-engines.com/en/system/NonStop+SQL,N,,-,0.97,191,-,-,"HP, originally by Tandem",1987,,N,,N,0,0,0,0,0,0,0,0,0,0,0,0,1,0,0,0,0,0,0.0,0.0,nonstop-sql
Xapian,Search Engine,Search engine,https://db-engines.com/en/system/Xapian,Y,,xapian/xapian,0.94,192,xapian,xapian,,1986,2024,Y,GPLv2,N,0,0,0,0,0,0,0,0,0,0,0,0,0,1,0,0,0,0,0.0,0.0,xapian
mSQL,Relational,Relational DBMS,https://db-engines.com/en/system/mSQL,N,,-,0.92,193,-,-,Hughes Technologies,1994,2021,N,free licenses can be provided,N,0,0,0,0,0,0,0,0,0,0,0,0,1,0,0,0,0,0,0.0,0.0,msql
Alibaba Cloud MaxCompute,Relational,Relational DBMS,https://db-engines.com/en/system/Alibaba+Cloud+MaxCompute,N,,-,0.92,194,-,-,Alibaba,2016,,N,,Y,0,0,0,0,0,0,0,0,0,0,0,0,1,0,0,0,0,0,0.0,0.0,alibaba-cloud-maxcompute
GT.M,Key-value,Key-value store,https://db-engines.com/en/system/GT.M,N,,-,0.91,195,-,-,,1986,2021,N,,N,0,0,0,0,0,1,0,0,0,0,0,0,0,0,0,0,0,0,0.0,0.0,gtm
Vespa,Search Engine,"Search engine,Vector DBMS",https://db-engines.com/en/system/Vespa,Y,,vespa-engine/vespa,0.9,196,vespa-engine,vespa,Yahoo,,,Y,Apache-2.0 license,N,0,0,0,0,0,0,0,0,0,0,0,0,0,1,0,0,1,0,0.0,1.0,vespa
FoundationDB,Document,"Document store,Key-value store,Relational DBMS",https://db-engines.com/en/system/FoundationDB,Y,,apple/foundationdb,0.89,197,apple,foundationdb,FoundationDB,2013,2020,Y,Apache 2.0,N,0,0,1,0,0,1,0,0,0,0,0,0,1,0,0,0,0,0,0.0,0.0,foundationdb
Apache HAWQ,Relational,Relational DBMS,https://db-engines.com/en/system/Apache+HAWQ,Y,,apache/hawq,0.88,198,apache,hawq,Pivotal Software; Apache,2012,,Y,,N,0,0,0,0,0,0,0,0,0,0,0,0,1,0,0,0,0,0,0.0,0.0,apache-hawq
DataEase,Relational,Relational DBMS,https://db-engines.com/en/system/DataEase,N,,-,0.88,199,-,-,,1981,,N,,N,0,0,0,0,0,0,0,0,0,0,0,0,1,0,0,0,0,0,0.0,0.0,dataease
NCache,Key-value,"Key-value store,Document store,Search engine",https://db-engines.com/en/system/NCache,Y,,Alachisoft/NCache,0.86,200,Alachisoft,NCache,Alachisoft,2005,2024,Y,Enterprise Edition available,N,0,0,1,0,0,1,0,0,0,0,0,0,0,1,0,0,0,0,0.0,0.0,ncache
Oracle Rdb,Relational,Relational DBMS,https://db-engines.com/en/system/Oracle+Rdb,N,,-,0.85,201,-,-,"Oracle, originally developed by Digital Equipment Corporation (DEC)",1984,2021,N,,N,0,0,0,0,0,0,0,0,0,0,0,0,1,0,0,0,0,0,0.0,0.0,oracle-rdb
M3DB,Time Series,Time Series DBMS,https://db-engines.com/en/system/M3DB,Y,,m3db/m3,0.85,202,m3db,m3,,,,Y,Apache version 2,N,0,0,0,0,0,0,0,0,0,0,0,0,0,0,0,1,0,0,0.0,0.0,m3db
Cubrid,Relational,Relational DBMS,https://db-engines.com/en/system/Cubrid,Y,,CUBRID/cubrid,0.85,203,CUBRID,cubrid,"CUBRID Corporation, CUBRID Foundation",2008,2025,Y,Apache Version 2.0,N,0,0,0,0,0,0,0,0,0,0,0,0,1,0,0,0,0,0,0.0,0.0,cubrid
GigaSpaces,Document,"Document store,Object oriented DBMS,Graph DBMS,Search engine",https://db-engines.com/en/system/GigaSpaces,N_Image_Gigaspaces/docker,Y,-,0.82,204,-,-,Gigaspaces Technologies,2000,2020,Y,Apache Version 2; Commercial licenses available,N,0,0,1,0,1,0,0,0,0,0,1,0,0,1,0,0,0,0,0.0,0.0,gigaspaces
Alibaba Cloud AnalyticDB for MySQL,Relational,"Relational DBMS,Document store",https://db-engines.com/en/system/Alibaba+Cloud+AnalyticDB+for+MySQL,N,,-,0.78,205,-,-,Alibaba,,,N,,Y,0,0,1,0,0,0,0,0,0,0,0,0,1,0,0,0,0,0,0.0,0.0,alibaba-cloud-analyticdb-for-mysql
HPE Ezmeral Data Fabric,Document,"Document store,Wide column store",https://db-engines.com/en/system/HPE+Ezmeral+Data+Fabric,N,,-,0.78,206,-,-,"HPE, MapR Technologies, Inc",2009,,N,,N,0,0,1,0,0,0,0,0,0,0,0,0,0,0,0,0,0,1,0.0,0.0,hpe-ezmeral-data-fabric
RisingWave,Relational,Relational DBMS,https://db-engines.com/en/system/RisingWave,Y,,risingwavelabs/risingwave,0.77,207,risingwavelabs,risingwave,RisingWave Labs,2022,2025,Y,Apache Version 2.0,N,0,0,0,0,0,0,0,0,0,0,0,0,1,0,0,0,0,0,0.0,,risingwave
IDMS,Navigational,Navigational DBMS,https://db-engines.com/en/system/IDMS,N,,-,0.75,208,-,-,Broadcom (formerly CA Technologies),1973,,N,,N,0,0,0,0,0,0,0,0,1,0,0,0,0,0,0,0,0,0,0.0,0.0,idms
Altibase,Relational,Relational DBMS,https://db-engines.com/en/system/Altibase,Y,,ALTIBASE/altibase,0.74,209,ALTIBASE,altibase,Altibase,1999,2023,N,Open source edition discontinued with March 2023,N,0,0,0,0,0,0,0,0,0,0,0,0,1,0,0,0,0,0,0.0,0.0,altibase
Sedna,Native XML,Native XML DBMS,https://db-engines.com/en/system/Sedna,Y,,sedna/sedna,0.74,210,sedna,sedna,,2006,,Y,Apache Version 2,N,0,0,0,0,0,0,0,1,0,0,0,0,0,0,0,0,0,0,0.0,0.0,sedna
Firebolt,Relational,Relational DBMS,https://db-engines.com/en/system/Firebolt,Y,,firebolt-db/firebolt-python-sdk,0.74,211,firebolt-db,firebolt-python-sdk,Firebolt Analytics Inc.,2020,,N,,Y,0,0,0,0,0,0,0,0,0,0,0,0,1,0,0,0,0,0,0.0,0.0,firebolt
GeoMesa,Spatial,Spatial DBMS,https://db-engines.com/en/system/GeoMesa,Y,,geomesa/geomesa-geoserver,0.73,212,geomesa,geomesa-geoserver,CCRi and others,2014,2024,Y,Apache License 2.0,N,0,0,0,0,0,0,0,0,0,0,0,0,0,0,1,0,0,0,1.0,0.0,geomesa
NuoDB,Relational,Relational DBMS,https://db-engines.com/en/system/NuoDB,N,,-,0.72,213,-,-,Dassault Systèmes,2013,,N,limited edition free,N,0,0,0,0,0,0,0,0,0,0,0,0,1,0,0,0,0,0,0.0,0.0,nuodb
AllegroGraph,Document,"Document store,Graph DBMS,RDF store,Vector DBMS,Spatial DBMS",https://db-engines.com/en/system/AllegroGraph,N,,-,0.72,214,-,-,Franz Inc.,2004,2023,N,Limited community edition free,N,0,0,1,0,1,0,0,0,0,0,0,1,0,0,1,0,1,0,1.0,0.0,allegrograph
Blazegraph,Graph,"Graph DBMS,RDF store",https://db-engines.com/en/system/Blazegraph,Y,,blazegraph/database,0.71,215,blazegraph,database,Blazegraph,2006,2019,Y,extended commercial license available,N,0,0,0,0,1,0,0,0,0,0,0,1,0,0,0,0,0,0,0.0,0.0,blazegraph
Infobright,Relational,Relational DBMS,https://db-engines.com/en/system/Infobright,N,,-,0.7,216,-,-,Ignite Technologies Inc.; formerly InfoBright Inc.,2005,,N,The open source (GPLv2) version did not support inserts/updates/deletes and was discontinued with July 2016,N,0,0,0,0,0,0,0,0,0,0,0,0,1,0,0,0,0,0,0.0,0.0,infobright
ZODB,Key-value,Key-value store,https://db-engines.com/en/system/ZODB,Y,,zopefoundation/ZODB,0.7,217,zopefoundation,ZODB,,2009,2023,Y,,N,0,0,0,0,0,1,0,0,0,0,0,0,0,0,0,0,0,0,0.0,0.0,zodb
Yellowbrick,Relational,Relational DBMS,https://db-engines.com/en/system/Yellowbrick,N,,-,0.69,218,-,-,Yellowbrick Data,,,N,,N,0,0,0,0,0,0,0,0,0,0,0,0,1,0,0,0,0,0,0.0,0.0,yellowbrick
KeyDB,Key-value,Key-value store,https://db-engines.com/en/system/KeyDB,Y,,Snapchat/KeyDB,0.69,219,Snapchat,KeyDB,EQ Alpha Technology Ltd.,2019,,Y,BSD-3,N,0,0,0,0,0,1,0,0,0,0,0,0,0,0,0,0,0,0,0.0,0.0,keydb
BigchainDB,Document,Document store,https://db-engines.com/en/system/BigchainDB,Y,,bigchaindb/bigchaindb,0.68,220,bigchaindb,bigchaindb,,2016,,Y,AGPL v3,N,0,0,1,0,0,0,0,0,0,0,0,0,0,0,0,0,0,0,0.0,0.0,bigchaindb
Model 204,Multivalue,Multivalue DBMS,https://db-engines.com/en/system/Model+204,N,,-,0.68,221,-,-,,1972,,N,,N,0,0,0,0,0,0,1,0,0,0,0,0,0,0,0,0,0,0,0.0,0.0,model-204
RDF4J,RDF,RDF store,https://db-engines.com/en/system/RDF4J,Y,Y,eclipse/rdf4j,0.67,222,eclipse,rdf4j,"Since 2016 officially forked into an Eclipse project, former developer was Aduna Software.",2004,,Y,"Eclipse Distribution License (EDL), v1.0.",N,0,0,0,0,0,0,0,0,0,0,0,1,0,0,0,0,0,0,0.0,0.0,rdf4j
Apache Sedona,Spatial,Spatial DBMS,https://db-engines.com/en/system/Apache+Sedona,Y,,apache/sedona,0.66,223,apache,sedona,Apache Software Foundation and contributors,2020,,Y,Apache Version 2.0,N,0,0,0,0,0,0,0,0,0,0,0,0,0,0,1,0,0,0,1.0,,apache-sedona
MatrixOne,Relational,Relational DBMS,https://db-engines.com/en/system/MatrixOne,Y,,matrixorigin/matrixone,0.65,224,matrixorigin,matrixone,,2021,,Y,Apache Version 2.0,N,0,0,0,0,0,0,0,0,0,0,0,0,1,0,0,0,0,0,0.0,0.0,matrixone
SciDB,Multivalue,Multivalue DBMS,https://db-engines.com/en/system/SciDB,Y,,cran/scidb,0.63,225,cran,scidb,Paradigm4,2008,,Y,,N,0,0,0,0,0,0,1,0,0,0,0,0,0,0,0,0,0,0,0.0,0.0,scidb
eXist-db,Native XML,Native XML DBMS,https://db-engines.com/en/system/eXist-db,Y,,eXist-db/exist,0.62,226,eXist-db,exist,,2000,,Y,L-GPL,N,0,0,0,0,0,0,0,1,0,0,0,0,0,0,0,0,0,0,0.0,0.0,exist-db
Actian Vector,Relational,Relational DBMS,https://db-engines.com/en/system/Actian+Vector,N,,-,0.61,227,-,-,,,2016,N,,N,0,0,0,0,0,0,0,0,0,0,0,0,1,0,0,0,0,0,0.0,0.0,actian-vector
Graph Engine,Graph,"Graph DBMS,Key-value store",https://db-engines.com/en/system/Graph+Engine,Y,,microsoft/GraphEngine,0.61,228,microsoft,GraphEngine,Microsoft,2010,,Y,MIT License,N,0,0,0,0,1,1,0,0,0,0,0,0,0,0,0,0,0,0,0.0,0.0,graph-engine
Alibaba Cloud AnalyticDB for PostgreSQL,Relational,Relational DBMS,https://db-engines.com/en/system/Alibaba+Cloud+AnalyticDB+for+PostgreSQL,N,,-,0.6,229,-,-,Alibaba / Pivotal Software Inc. / PostgreSQL Global Development Group,2016,,N,,Y,0,0,0,0,0,0,0,0,0,0,0,0,1,0,0,0,0,0,0.0,0.0,alibaba-cloud-analyticdb-for-postgresql
Datacom/DB,Relational,Relational DBMS,https://db-engines.com/en/system/Datacom%2FDB,N,,-,0.6,230,-,-,Broadcom (formerly CA),1972,,N,,N,0,0,0,0,0,0,0,0,0,0,0,0,1,0,0,0,0,0,0.0,0.0,datacom-db
TypeDB,Graph,"Graph DBMS,Object oriented DBMS,Relational DBMS",https://db-engines.com/en/system/TypeDB,Y,,vaticle/typedb,0.6,231,vaticle,typedb,TypeDB,2016,2025,Y,"GPL Version 3, commercial licenses available",N,0,0,0,0,1,0,0,0,0,0,1,0,1,0,0,0,0,0,0.0,0.0,typedb
CrateDB,Document,"Document store,Spatial DBMS,Search engine,Time Series DBMS,Vector DBMS,Relational DBMS",https://db-engines.com/en/system/CrateDB,Y,,crate/crate,0.58,232,crate,crate,Crate,2013,2024,Y,,N,0,0,1,0,0,0,0,0,0,0,0,0,1,1,1,1,1,0,1.0,0.0,cratedb
Apache Pinot,Relational,Relational DBMS,https://db-engines.com/en/system/Apache+Pinot,Y,N,apache/pinot,0.57,233,apache,pinot,Apache Software Foundation and contributors,2015,2023,Y,Apache Version 2.0,N,0,0,0,0,0,0,0,0,0,0,0,0,1,0,0,0,0,0,0.0,0.0,apache-pinot
SQream DB,Relational,Relational DBMS,https://db-engines.com/en/system/SQream+DB,N,,-,0.57,234,-,-,SQream Technologies,2017,2022,N,,N,0,0,0,0,0,0,0,0,0,0,0,0,1,0,0,0,0,0,0.0,0.0,sqream-db
R:BASE,Relational,Relational DBMS,https://db-engines.com/en/system/R%3ABASE,N,,-,0.57,235,-,-,,1981,,N,,N,0,0,0,0,0,0,0,0,0,0,0,0,1,0,0,0,0,0,0.0,0.0,r-base
Objectivity/DB,Object Oriented,Object oriented DBMS,https://db-engines.com/en/system/Objectivity%2FDB,N,,-,0.55,236,-,-,,1990,,N,,N,0,0,0,0,0,0,0,0,0,0,1,0,0,0,0,0,0,0,0.0,0.0,objectivity-db
Dragonfly,Key-value,Key-value store,https://db-engines.com/en/system/Dragonfly,Y,,dragonflydb/dragonfly,0.55,237,dragonflydb,dragonfly,DragonflyDB team and community contributors,2023,2023,Y,BSL 1.1,N,0,0,0,0,0,1,0,0,0,0,0,0,0,0,0,0,0,0,0.0,0.0,dragonfly
Kinetica,Relational,"Relational DBMS,Spatial DBMS,Time Series DBMS",https://db-engines.com/en/system/Kinetica,N,,-,0.55,238,-,-,Kinetica,2012,2021,N,,N,0,0,0,0,0,0,0,0,0,0,0,0,1,0,1,1,0,0,1.0,0.0,kinetica
BoltDB,Key-value,Key-value store,https://db-engines.com/en/system/BoltDB,Y_archivedas_boltdb/bolt,N,boltdb/bolt,0.54,239,boltdb,bolt,,2013,,Y,MIT License,N,0,0,0,0,0,1,0,0,0,0,0,0,0,0,0,0,0,0,0.0,0.0,boltdb
solidDB,Relational,Relational DBMS,https://db-engines.com/en/system/solidDB,N,,-,0.54,240,-,-,"Unicom Systems, Inc; IBM",1992,,N,,N,0,0,0,0,0,0,0,0,0,0,0,0,1,0,0,0,0,0,0.0,0.0,soliddb
Splice Machine,Relational,Relational DBMS,https://db-engines.com/en/system/Splice+Machine,Y,,splicemachine/spliceengine,0.54,241,splicemachine,spliceengine,Splice Machine,2014,2021,Y,"AGPL 3.0, commercial license available",N,0,0,0,0,0,0,0,0,0,0,0,0,1,0,0,0,0,0,0.0,0.0,splice-machine
1010data,Relational,Relational DBMS,https://db-engines.com/en/system/1010data,N,,-,0.53,242,-,-,,2000,,N,,N,0,0,0,0,0,0,0,0,0,0,0,0,1,0,0,0,0,0,0.0,0.0,1010data
DBISAM,Relational,Relational DBMS,https://db-engines.com/en/system/DBISAM,N,,-,0.52,243,-,-,"Elevate Software, Inc.",1998,,N,,N,0,0,0,0,0,0,0,0,0,0,0,0,1,0,0,0,0,0,0.0,0.0,dbisam
ObjectDB,Object Oriented,Object oriented DBMS,https://db-engines.com/en/system/ObjectDB,N,,-,0.52,244,-,-,,2010,2024,N,,N,0,0,0,0,0,0,0,0,0,0,1,0,0,0,0,0,0,0,0.0,0.0,objectdb
Perst,Object Oriented,Object oriented DBMS,https://db-engines.com/en/system/Perst,Y,,The-Alchemist/perst,0.51,245,The-Alchemist,perst,,2003,,Y,commercial license available,N,0,0,0,0,0,0,0,0,0,0,1,0,0,0,0,0,0,0,0.0,0.0,perst
KairosDB,Time Series,Time Series DBMS,https://db-engines.com/en/system/KairosDB,Y,,kairosdb/kairosdb,0.5,246,kairosdb,kairosdb,,2013,2018,Y,Apache 2.0,N,0,0,0,0,0,0,0,0,0,0,0,0,0,0,0,1,0,0,0.0,0.0,kairosdb
ITTIA,Time Series,"Time Series DBMS,Relational DBMS",https://db-engines.com/en/system/ITTIA,N,,-,0.49,247,-,-,ITTIA L.L.C.,2007,,N,,N,0,0,0,0,0,0,0,0,0,0,0,0,1,0,0,1,0,0,0.0,0.0,ittia
Percona Server for MongoDB,Document,Document store,https://db-engines.com/en/system/Percona+Server+for+MongoDB,Y_replacementfor_MongoDB,N,percona/percona-server-mongodb,0.47,248,percona,percona-server-mongodb,Percona,2015,2017,Y,GPL Version 2,N,0,0,1,0,0,0,0,0,0,0,0,0,0,0,0,0,0,0,0.0,0.0,percona-server-for-mongodb
FrontBase,Relational,Relational DBMS,https://db-engines.com/en/system/FrontBase,N,,-,0.46,249,-,-,,1993,2015,N,free licenses,N,0,0,0,0,0,0,0,0,0,0,0,0,1,0,0,0,0,0,0.0,0.0,frontbase
Kyligence Enterprise,Relational,Relational DBMS,https://db-engines.com/en/system/Kyligence+Enterprise,N,,-,0.46,250,-,-,"Kyligence, Inc.",2016,,N,,N,0,0,0,0,0,0,0,0,0,0,0,0,1,0,0,0,0,0,0.0,0.0,kyligence-enterprise
eXtremeDB,Time Series,"Time Series DBMS,Relational DBMS",https://db-engines.com/en/system/eXtremeDB,N,,-,0.46,251,-,-,McObject,2001,2021,N,,N,0,0,0,0,0,0,0,0,0,0,0,0,1,0,0,1,0,0,0.0,0.0,extremedb
atoti,Object Oriented,Object oriented DBMS,https://db-engines.com/en/system/atoti,Y_IssueTracking,,atoti/atoti,0.45,252,atoti,atoti,ActiveViam,,,N,free versions available,N,0,0,0,0,0,0,0,0,0,0,1,0,0,0,0,0,0,0,0.0,0.0,atoti
Scalaris,Key-value,Key-value store,https://db-engines.com/en/system/Scalaris,Y,N,scalaris-team/scalaris,0.45,253,scalaris-team,scalaris,,2010,,Y,Apache Version 2,N,0,0,0,0,0,1,0,0,0,0,0,0,0,0,0,0,0,0,0.0,0.0,scalaris
NexusDB,Relational,Relational DBMS,https://db-engines.com/en/system/NexusDB,N,,-,0.44,254,-,-,,2003,2021,N,,N,0,0,0,0,0,0,0,0,0,0,0,0,1,0,0,0,0,0,0.0,0.0,nexusdb
Kingbase,Relational,"Relational DBMS,Document store,Spatial DBMS",https://db-engines.com/en/system/Kingbase,N,,-,0.43,255,-,-,BeiJing KINGBASE Information technologies inc.,1999,2021,N,,N,0,0,1,0,0,0,0,0,0,0,0,0,1,0,1,0,0,0,1.0,0.0,kingbase
ScaleArc,Relational,Relational DBMS,https://db-engines.com/en/system/ScaleArc,N,,-,0.42,256,-,-,Ignite,2009,,N,limited edition free,N,0,0,0,0,0,0,0,0,0,0,0,0,1,0,0,0,0,0,0.0,0.0,scalearc
Northgate Reality,Multivalue,Multivalue DBMS,https://db-engines.com/en/system/Northgate+Reality,N,,-,0.42,257,-,-,,1973,,N,,N,0,0,0,0,0,0,1,0,0,0,0,0,0,0,0,0,0,0,0.0,0.0,northgate-reality
MapDB,Key-value,Key-value store,https://db-engines.com/en/system/MapDB,Y,,jankotek/mapdb,0.42,258,jankotek,mapdb,,2002,,Y,Apache Version 2,N,0,0,0,0,0,1,0,0,0,0,0,0,0,0,0,0,0,0,0.0,0.0,mapdb
WebSphere eXtreme Scale,Key-value,Key-value store,https://db-engines.com/en/system/WebSphere+eXtreme+Scale,N,,-,0.42,259,-,-,,2009,,N,,N,0,0,0,0,0,1,0,0,0,0,0,0,0,0,0,0,0,0,0.0,0.0,websphere-extreme-scale
YDB,Document,"Document store,Relational DBMS",https://db-engines.com/en/system/YDB,Y,N,ydb-platform/ydb,0.42,260,ydb-platform,ydb,Yandex,2019,,Y,Apache 2.0; commercial license available,N,0,0,1,0,0,0,0,0,0,0,0,0,1,0,0,0,0,0,0.0,0.0,ydb
Alibaba Cloud Log Service,Search Engine,Search engine,https://db-engines.com/en/system/Alibaba+Cloud+Log+Service,N,,-,0.41,261,-,-,AlibabaCloud Inc.,2016,,N,,Y,0,0,0,0,0,0,0,0,0,0,0,0,0,1,0,0,0,0,0.0,0.0,alibaba-cloud-log-service
Apache Doris,Relational,Relational DBMS,https://db-engines.com/en/system/Apache+Doris,Y,Y,apache/doris,0.39,262,apache,doris,"Apache Software Foundation, originally contributed from Baidu",2017,2026,Y,Apache Version 2.0,N,0,0,0,0,0,0,0,0,0,0,0,0,1,0,0,0,0,0,0.0,0.0,apache-doris
OpenInsight,Multivalue,Multivalue DBMS,https://db-engines.com/en/system/OpenInsight,N,,-,0.39,263,-,-,Revelation Software,1992,2018,N,,N,0,0,0,0,0,0,1,0,0,0,0,0,0,0,0,0,0,0,0.0,0.0,openinsight
GemStone/S,Object Oriented,Object oriented DBMS,https://db-engines.com/en/system/GemStone%2FS,N,,-,0.38,264,-,-,,1986,,N,,N,0,0,0,0,0,0,0,0,0,0,1,0,0,0,0,0,0,0,0.0,0.0,gemstone-s
RaptorDB,Document,Document store,https://db-engines.com/en/system/RaptorDB,Y,,mgholam/RaptorDB-Document,0.38,265,mgholam,RaptorDB-Document,,,,Y,Apache Version 2,N,0,0,1,0,0,0,0,0,0,0,0,0,0,0,0,0,0,0,0.0,0.0,raptordb
Elassandra,Wide column,"Wide column store,Search engine",https://db-engines.com/en/system/Elassandra,Y,,strapdata/elassandra,0.38,266,strapdata,elassandra,,,,Y,Apache Version 2.0,N,0,0,0,0,0,0,0,0,0,0,0,0,0,1,0,0,0,1,0.0,0.0,elassandra
Deep Lake,Vector,Vector DBMS,https://db-engines.com/en/system/Deep+Lake,Y,,activeloopai/deeplake,0.37,267,activeloopai,deeplake,Activeloop,,,Y,MPL-2.0 license,N,0,0,0,0,0,0,0,0,0,0,0,0,0,0,0,0,1,0,0.0,1.0,deep-lake
Cloudflare Workers KV,Key-value,Key-value store,https://db-engines.com/en/system/Cloudflare+Workers+KV,N,,-,0.36,268,-,-,Cloudflare,2018,,N,,Y,0,0,0,0,0,1,0,0,0,0,0,0,0,0,0,0,0,0,0.0,0.0,cloudflare-workers-kv
Alibaba Cloud TSDB,Time Series,Time Series DBMS,https://db-engines.com/en/system/Alibaba+Cloud+TSDB,N,,-,0.35,269,-,-,Alibaba,,,N,,Y,0,0,0,0,0,0,0,0,0,0,0,0,0,0,0,1,0,0,0.0,0.0,alibaba-cloud-tsdb
Comdb2,Relational,Relational DBMS,https://db-engines.com/en/system/Comdb2,Y,,bloomberg/comdb2,0.35,270,bloomberg,comdb2,Bloomberg Finance L.P.,2004,,Y,Apache 2.0,N,0,0,0,0,0,0,0,0,0,0,0,0,1,0,0,0,0,0,0.0,0.0,comdb2
CnosDB,Time Series,Time Series DBMS,https://db-engines.com/en/system/CnosDB,Y,,cnosdb/cnosdb,0.35,271,cnosdb,cnosdb,,2022,2023,Y,AGPL 3.0,N,0,0,0,0,0,0,0,0,0,0,0,0,0,0,0,1,0,0,0.0,0.0,cnosdb
Harper,Document,Document store,https://db-engines.com/en/system/Harper,,,,0.34,272,,,HarperDB,2017,2021,N,free community edition available,N,0,0,1,0,0,0,0,0,0,0,0,0,0,0,0,0,0,0,,,harper
Marqo,Search Engine,Search engine,https://db-engines.com/en/system/Marqo,Y,,marqo-ai/marqo,0.34,273,marqo-ai,marqo,,2022,,Y,Apache Version 2.0,Y,0,0,0,0,0,0,0,0,0,0,0,0,0,1,0,0,0,0,0.0,0.0,marqo
SQL.JS,Relational,Relational DBMS,https://db-engines.com/en/system/SQL.JS,Y,,sql-js/sql.js,0.34,274,sql-js,sql.js,Alon Zakai,2012,,Y,,N,0,0,0,0,0,0,0,0,0,0,0,0,1,0,0,0,0,0,0.0,0.0,sqljs
VistaDB,Relational,Relational DBMS,https://db-engines.com/en/system/VistaDB,N,,-,0.34,275,-,-,Gibraltar Software,2008,,N,,N,0,0,0,0,0,0,0,0,0,0,0,0,1,0,0,0,0,0,0.0,0.0,vistadb
Hibari,Key-value,Key-value store,https://db-engines.com/en/system/Hibari,Y,,hibari/hibari,0.33,276,hibari,hibari,,2005,,Y,Apache Version 2,N,0,0,0,0,0,1,0,0,0,0,0,0,0,0,0,0,0,0,0.0,0.0,hibari
LokiJS,Document,Document store,https://db-engines.com/en/system/LokiJS,Y,,techfort/LokiJS,0.33,277,techfort,LokiJS,,2014,,Y,,N,0,0,1,0,0,0,0,0,0,0,0,0,0,0,0,0,0,0,0.0,0.0,lokijs
AlaSQL,Document,"Document store,Relational DBMS",https://db-engines.com/en/system/AlaSQL,Y,,AlaSQL/alasql,0.33,278,AlaSQL,alasql,Andrey Gershun & Mathias R. Wulff,2014,,Y,MIT-License,N,0,0,1,0,0,0,0,0,0,0,0,0,1,0,0,0,0,0,0.0,0.0,alasql
Rasdaman,Multivalue,Multivalue DBMS,https://db-engines.com/en/system/Rasdaman,Y,,dioptre/rasdaman,0.33,279,dioptre,rasdaman,,1998,2019,Y,extended commercial license available,N,0,0,0,0,0,0,1,0,0,0,0,0,0,0,0,0,0,0,0.0,0.0,rasdaman
Actian PSQL,Relational,Relational DBMS,https://db-engines.com/en/system/Actian+PSQL,N,,-,0.32,280,-,-,,1982,2021,N,,N,0,0,0,0,0,0,0,0,0,0,0,0,1,0,0,0,0,0,0.0,0.0,actian-psql
Sequoiadb,Document,"Document store,Relational DBMS",https://db-engines.com/en/system/Sequoiadb,Y,,SequoiaDB/SequoiaDB,0.3,281,SequoiaDB,SequoiaDB,Sequoiadb Ltd.,2013,,Y,Server: AGPL; Client: Apache V2,N,0,0,1,0,0,0,0,0,0,0,0,0,1,0,0,0,0,0,0.0,0.0,sequoiadb
FalkorDB,Graph,Graph DBMS,https://db-engines.com/en/system/FalkorDB,,,,0.3,282,,,FalkorDB Ltd,2023,,open source (ssplv1),,no (falkordb is available as falkor cloud),0,0,0,0,1,0,0,0,0,0,0,0,0,0,0,0,0,0,,,falkordb
Mimer SQL,Relational,Relational DBMS,https://db-engines.com/en/system/Mimer+SQL,N,,-,0.29,283,-,-,,1977,2024,N,,N,0,0,0,0,0,0,0,0,0,0,0,0,1,0,0,0,0,0,0.0,0.0,mimer-sql
Fluree,Graph,Graph DBMS,https://db-engines.com/en/system/Fluree,Y,,fluree/db,0.29,284,fluree,db,"Fluree, PBC",2018,,Y,open-sourced in October 2020,N,0,0,0,0,1,0,0,0,0,0,0,0,0,0,0,0,0,0,0.0,0.0,fluree
Starcounter,Object Oriented,Object oriented DBMS,https://db-engines.com/en/system/Starcounter,N,,-,0.29,285,-,-,,2006,2018,N,,N,0,0,0,0,0,0,0,0,0,0,1,0,0,0,0,0,0,0,0.0,0.0,starcounter
SearchBlox,Search Engine,Search engine,https://db-engines.com/en/system/SearchBlox,N,,-,0.29,286,-,-,,2003,,N,,N,0,0,0,0,0,0,0,0,0,0,0,0,0,1,0,0,0,0,0.0,0.0,searchblox
InfiniteGraph,Graph,Graph DBMS,https://db-engines.com/en/system/InfiniteGraph,N,,-,0.28,287,-,-,,2010,,N,,N,0,0,0,0,1,0,0,0,0,0,0,0,0,0,0,0,0,0,0.0,0.0,infinitegraph
Postgres-XL,Relational,"Relational DBMS,Document store,Spatial DBMS",https://db-engines.com/en/system/Postgres-XL,Y,,Postgres-XL/Postgres-XL,0.27,288,Postgres-XL,Postgres-XL,,2014,2018,Y,Mozilla public license,N,0,0,1,0,0,0,0,0,0,0,0,0,1,0,1,0,0,0,1.0,0.0,postgres-xl
Strabon,RDF,RDF store,https://db-engines.com/en/system/Strabon,Y,,esarbanis/strabon,0.27,289,esarbanis,strabon,,2011,,Y,Mozilla public license,N,0,0,0,0,0,0,0,0,0,0,0,1,0,0,0,0,0,0,0.0,0.0,strabon
Databend,Relational,Relational DBMS,https://db-engines.com/en/system/Databend,Y,,datafuselabs/databend,0.27,290,datafuselabs,databend,Databend Labs,2021,2023,Y,Apache Version 2.0,N,0,0,0,0,0,0,0,0,0,0,0,0,1,0,0,0,0,0,0.0,0.0,databend
OpenQM,Multivalue,Multivalue DBMS,https://db-engines.com/en/system/OpenQM,Y,,gregjurman/openqm,0.25,291,gregjurman,openqm,"Rocket Software, originally Martin Phillips",1993,,Y,"GPLv2, extended commercial license available",N,0,0,0,0,0,0,1,0,0,0,0,0,0,0,0,0,0,0,0.0,0.0,openqm
ArcadeDB,Document,"Document store,Graph DBMS,Key-value store,Search engine,Time Series DBMS,Vector DBMS",https://db-engines.com/en/system/ArcadeDB,Y,,ArcadeData/arcadedb,0.25,292,ArcadeData,arcadedb,Arcade Data,2021,2026,Y,Apache Version 2.0,N,0,0,1,0,1,1,0,0,0,0,0,0,0,1,0,1,1,0,0.0,0.0,arcadedb
Brytlyt,Relational,Relational DBMS,https://db-engines.com/en/system/Brytlyt,N,,-,0.25,293,-,-,Brytlyt,2016,2023,N,,N,0,0,0,0,0,0,0,0,0,0,0,0,1,0,0,0,0,0,0.0,0.0,brytlyt
Project Voldemort,Key-value,Key-value store,https://db-engines.com/en/system/Project+Voldemort,Y,,voldemort/voldemort,0.24,294,voldemort,voldemort,,2009,2017,Y,Apache version 2,N,0,0,0,0,0,1,0,0,0,0,0,0,0,0,0,0,0,0,0.0,0.0,project-voldemort
Immudb,Key-value,"Key-value store,Relational DBMS",https://db-engines.com/en/system/Immudb,Y,,codenotary/immudb,0.23,295,codenotary,immudb,Codenotary,2020,2022,Y,Apache Version 2.0,N,0,0,0,0,0,1,0,0,0,0,0,0,1,0,0,0,0,0,0.0,0.0,immudb
FeatureBase,Relational,Relational DBMS,https://db-engines.com/en/system/FeatureBase,Y_CommunityEdition,,featurebasedb/featurebase,0.23,296,featurebasedb,featurebase,Molecula and Pilosa Open Source Contributors,2017,2022,N,,N,0,0,0,0,0,0,0,0,0,0,0,0,1,0,0,0,0,0,0.0,0.0,featurebase
Vald,Vector,Vector DBMS,https://db-engines.com/en/system/Vald,Y,,vdaas/vald,0.23,297,vdaas,vald,,,,Y,Apache-2.0 license,N,0,0,0,0,0,0,0,0,0,0,0,0,0,0,0,0,1,0,0.0,1.0,vald
RedStore,RDF,RDF store,https://db-engines.com/en/system/RedStore,Y,,njh/redstore,0.23,298,njh,redstore,,2009,,Y,GPLv3,N,0,0,0,0,0,0,0,0,0,0,0,1,0,0,0,0,0,0,0.0,0.0,redstore
Manticore Search,Search Engine,"Search engine,Time Series DBMS",https://db-engines.com/en/system/Manticore+Search,Y,,manticoresoftware/manticoresearch,0.23,299,manticoresoftware,manticoresearch,Manticore Software,2017,2023,Y,GPL version 2,N,0,0,0,0,0,0,0,0,0,0,0,0,0,1,0,1,0,0,0.0,0.0,manticore-search
ModeShape,Content,Content stores,https://db-engines.com/en/system/ModeShape,Y,,ModeShape/modeshape,0.23,300,ModeShape,modeshape,,2010,,Y,Apache Version 2,N,0,1,0,0,0,0,0,0,0,0,0,0,0,0,0,0,0,0,0.0,0.0,modeshape
PieCloudDB,Relational,Relational DBMS,https://db-engines.com/en/system/PieCloudDB,N,,-,0.23,301,-,-,OpenPie,,2023,N,,Y,0,0,0,0,0,0,0,0,0,0,0,0,1,0,0,0,0,0,0.0,0.0,pieclouddb
Mulgara,RDF,RDF store,https://db-engines.com/en/system/Mulgara,Y,,quoll/mulgara,0.23,302,quoll,mulgara,,2006,2012,Y,Apache Version 2,N,0,0,0,0,0,0,0,0,0,0,0,1,0,0,0,0,0,0,0.0,0.0,mulgara
Tokyo Tyrant,Key-value,Key-value store,https://db-engines.com/en/system/Tokyo+Tyrant,Y,,hthetiot/Tokyo-Tyrant,0.22,303,hthetiot,Tokyo-Tyrant,Mikio  Hirabayashi,2007,,Y,GPL,N,0,0,0,0,0,1,0,0,0,0,0,0,0,0,0,0,0,0,0.0,0.0,tokyo-tyrant
RDFox,Graph,"Graph DBMS,RDF store,Relational DBMS",https://db-engines.com/en/system/RDFox,N,,-,0.22,304,-,-,Oxford Semantic Technologies,2017,2022,N,,N,0,0,0,0,1,0,0,0,0,0,0,1,1,0,0,0,0,0,0.0,0.0,rdfox
XTDB,Document,Document store,https://db-engines.com/en/system/XTDB,Y,,xtdb/xtdb,0.22,305,xtdb,xtdb,Juxt Ltd.,2019,2021,Y,MIT License,N,0,0,1,0,0,0,0,0,0,0,0,0,0,0,0,0,0,0,0.0,0.0,xtdb
Kyoto Tycoon,Key-value,Key-value store,https://db-engines.com/en/system/Kyoto+Tycoon,Y,,AlticeLabsProjects/kyoto,0.22,306,AlticeLabsProjects,kyoto,,2009,,Y,GPL,N,0,0,0,0,0,1,0,0,0,0,0,0,0,0,0,0,0,0,0.0,0.0,kyoto-tycoon
LeanXcale,Key-value,"Key-value store,Relational DBMS",https://db-engines.com/en/system/LeanXcale,N,,-,0.22,307,-,-,LeanXcale,2015,,N,,N,0,0,0,0,0,1,0,0,0,0,0,0,1,0,0,0,0,0,0.0,0.0,leanxcale
Actian FastObjects,Object Oriented,Object oriented DBMS,https://db-engines.com/en/system/Actian+FastObjects,N,,-,0.22,308,-,-,Actian,,,N,,N,0,0,0,0,0,0,0,0,0,0,1,0,0,0,0,0,0,0,0.0,0.0,actian-fastobjects
Fujitsu Enterprise Postgres,Relational,"Relational DBMS,Document store,Spatial DBMS",https://db-engines.com/en/system/Fujitsu+Enterprise+Postgres,N,,-,0.22,309,-,-,Fujitsu Limited,,2024,N,,N,0,0,1,0,0,0,0,0,0,0,0,0,1,0,1,0,0,0,1.0,0.0,fujitsu-enterprise-postgres
YTsaurus,Document,"Document store,Key-value store",https://db-engines.com/en/system/YTsaurus,Y,,ytsaurus/ytsaurus,0.21,310,ytsaurus,ytsaurus,Yandex,2023,,Y,"Apache License, Version 2.0",N,0,0,1,0,0,1,0,0,0,0,0,0,0,0,0,0,0,0,0.0,0.0,ytsaurus
PipelineDB,Relational,Relational DBMS,https://db-engines.com/en/system/PipelineDB,Y,,pipelinedb/pipelinedb,0.21,311,pipelinedb,pipelinedb,,2015,,Y,"BSD, GPL V3",N,0,0,0,0,0,0,0,0,0,0,0,0,1,0,0,0,0,0,0.0,0.0,pipelinedb
AnzoGraph DB,Graph,"Graph DBMS,RDF store",https://db-engines.com/en/system/AnzoGraph+DB,N,,-,0.2,312,-,-,Cambridge Semantics,2018,2021,N,free trial version available,N,0,0,0,0,1,0,0,0,0,0,0,1,0,0,0,0,0,0,0.0,0.0,anzograph-db
4store,RDF,RDF store,https://db-engines.com/en/system/4store,Y,,4store/4store,0.2,313,4store,4store,,2009,,Y,GPLv3,N,0,0,0,0,0,0,0,0,0,0,0,1,0,0,0,0,0,0,0.0,0.0,4store
NEventStore,Event,Event Store,https://db-engines.com/en/system/NEventStore,Y,,NEventStore/NEventStore,0.19,314,NEventStore,NEventStore,,2011,,Y,MIT-License,N,0,0,0,1,0,0,0,0,0,0,0,0,0,0,0,0,0,0,0.0,0.0,neventstore
Axibase,Time Series,Time Series DBMS,https://db-engines.com/en/system/Axibase,N,,-,0.18,315,-,-,Axibase Corporation,2013,1558,N,"Community Edition (single node) is free, Enterprise Edition (distributed) is paid",N,0,0,0,0,0,0,0,0,0,0,0,0,0,0,0,1,0,0,0.0,0.0,axibase
YottaDB,Key-value,"Key-value store,Relational DBMS",https://db-engines.com/en/system/YottaDB,Y,,YottaDB/YDB,0.18,316,YottaDB,YDB,"YottaDB, LLC",2001,,Y,AGPL 3.0,N,0,0,0,0,0,1,0,0,0,0,0,0,1,0,0,0,0,0,0.0,,yottadb
TransLattice,Relational,Relational DBMS,https://db-engines.com/en/system/TransLattice,N,,-,0.18,317,-,-,,2007,,N,,N,0,0,0,0,0,0,0,0,0,0,0,0,1,0,0,0,0,0,0.0,0.0,translattice
Warp 10,Time Series,Time Series DBMS,https://db-engines.com/en/system/Warp+10,Y,,senx/warp10-platform,0.17,318,senx,warp10-platform,SenX,2015,,Y,Apache License 2.0,N,0,0,0,0,0,0,0,0,0,0,0,0,0,0,0,1,0,0,0.0,0.0,warp-10
Valentina Server,Relational,Relational DBMS,https://db-engines.com/en/system/Valentina+Server,N,,-,0.17,319,-,-,Paradigma Software,1999,,N,,N,0,0,0,0,0,0,0,0,0,0,0,0,1,0,0,0,0,0,0.0,0.0,valentina-server
Faircom DB,Key-value,"Key-value store,Relational DBMS",https://db-engines.com/en/system/Faircom+DB,N,,-,0.17,320,-,-,FairCom Corporation,1979,2024,N,"Restricted, free version available",N,0,0,0,0,0,1,0,0,0,0,0,0,1,0,0,0,0,0,0.0,0.0,faircom-db
Raima Database Manager,Relational,"Relational DBMS,Time Series DBMS",https://db-engines.com/en/system/Raima+Database+Manager,N,,-,0.17,321,-,-,Raima Inc.,1984,2021,N,,N,0,0,0,0,0,0,0,0,0,0,0,0,1,0,0,1,0,0,0.0,0.0,raima-database-manager
MyScale,Relational,"Relational DBMS,Vector DBMS",https://db-engines.com/en/system/MyScale,N,,-,0.17,322,-,-,,2022,,N,,Y,0,0,0,0,0,0,0,0,0,0,0,0,1,0,0,0,1,0,0.0,1.0,myscale
Tibco ComputeDB,Relational,Relational DBMS,https://db-engines.com/en/system/Tibco+ComputeDB,Y_NotGitHub-release_community.tibco.com/s/article/TIBCO-Graph-Database-Releases,Y,-,0.15,323,-,-,Tibco,2015,,Y,Apache 2.0,N,0,0,0,0,0,0,0,0,0,0,0,0,1,0,0,0,0,0,0.0,0.0,tibco-computedb
BigObject,Relational,Relational DBMS,https://db-engines.com/en/system/BigObject,N,,-,0.15,324,-,-,"BigObject, Inc.",2015,,N,free community edition available,N,0,0,0,0,0,0,0,0,0,0,0,0,1,0,0,0,0,0,0.0,0.0,bigobject
XtremeData,Relational,Relational DBMS,https://db-engines.com/en/system/XtremeData,N,,-,0.15,325,-,-,,,,N,limited edition free,N,0,0,0,0,0,0,0,0,0,0,0,0,1,0,0,0,0,0,0.0,0.0,xtremedata
EsgynDB,Relational,Relational DBMS,https://db-engines.com/en/system/EsgynDB,N,,-,0.14,326,-,-,Esgyn,2015,,N,,N,0,0,0,0,0,0,0,0,0,0,0,0,1,0,0,0,0,0,0.0,0.0,esgyndb
ElevateDB,Relational,Relational DBMS,https://db-engines.com/en/system/ElevateDB,N,,-,0.14,327,-,-,"Elevate Software, Inc.",2006,,N,,N,0,0,0,0,0,0,0,0,0,0,0,0,1,0,0,0,0,0,0.0,0.0,elevatedb
GreptimeDB,Time Series,"Time Series,Observability,Time Series DBMS",https://db-engines.com/en/system/GreptimeDB,Y,,GreptimeTeam/greptimedb,0.14,328,GreptimeTeam,GreptimeTeam/greptimedb,Greptime Inc.,2022,,Y,Apache Version 2.0,N,0,0,0,0,0,0,0,0,0,0,0,0,0,0,0,1,0,0,0.0,0.0,greptimedb
OrigoDB,Document,"Document store,Object oriented DBMS",https://db-engines.com/en/system/OrigoDB,Y,,DevrexLabs/OrigoDB,0.14,329,DevrexLabs,OrigoDB,Robert Friberg et al,2009,,Y,,N,0,0,1,0,0,0,0,0,0,0,1,0,0,0,0,0,0,0,0.0,0.0,origodb
Apache HugeGraph,Graph,Graph DBMS,https://db-engines.com/en/system/Apache+HugeGraph,,,,0.14,330,,,Baidu,2018,,Y,Apache Version 2.0,N,0,0,0,0,1,0,0,0,0,0,0,0,0,0,0,0,0,0,,,apache-hugegraph
IBM Db2 Event Store,Event,"Event Store,Time Series DBMS",https://db-engines.com/en/system/IBM+Db2+Event+Store,N,,-,0.13,331,-,-,IBM,2017,,N,free developer edition available,N,0,0,0,1,0,0,0,0,0,0,0,0,0,0,0,1,0,0,0.0,0.0,ibm-db2-event-store
Tajo,Relational,Relational DBMS,https://db-engines.com/en/system/Tajo,Y_archivedas_apache/tajo,N,apache/tajo,0.13,332,apache,tajo,Apache Software Foundation,2012,,Y,Apache Version 2,N,0,0,0,0,0,0,0,0,0,0,0,0,1,0,0,0,0,0,0.0,0.0,tajo
Redland,RDF,RDF store,https://db-engines.com/en/system/Redland,Y,,dajobe/librdf,0.13,333,dajobe,librdf,,2000,,Y,"Multi License (LGPL, GPLv2, Apache V2)",N,0,0,0,0,0,0,0,0,0,0,0,1,0,0,0,0,0,0,0.0,0.0,redland
Ultipa,Graph,Graph DBMS,https://db-engines.com/en/system/Ultipa,N,,-,0.12,334,-,-,Ultipa,2019,,N,,N,0,0,0,0,1,0,0,0,0,0,0,0,0,0,0,0,0,0,0.0,0.0,ultipa
Quasardb,Relational,"Relational DBMS,Time Series DBMS",https://db-engines.com/en/system/Quasardb,N,,-,0.12,335,-,-,Quasar AI,2009,2026,N,"Free community edition, Non-profit organizations and non-commercial usage are eligible for free licenses",N,0,0,0,0,0,0,0,0,0,0,0,0,1,0,0,1,0,0,0.0,0.0,quasardb
Riak TS,Time Series,Time Series DBMS,https://db-engines.com/en/system/Riak+TS,N,,-,0.12,336,-,-,"Open Source, formerly Basho Technologies",2015,2022,Y,,N,0,0,0,0,0,0,0,0,0,0,0,0,0,0,0,1,0,0,0.0,0.0,riak-ts
HyperGraphDB,Graph,Graph DBMS,https://db-engines.com/en/system/HyperGraphDB,Y,,hypergraphdb/hypergraphdb,0.12,337,hypergraphdb,hypergraphdb,,2007,,Y,L-GPL,N,0,0,0,0,1,0,0,0,0,0,0,0,0,0,0,0,0,0,0.0,0.0,hypergraphdb
chDB,Relational,"Relational DBMS,Time Series DBMS",https://db-engines.com/en/system/chDB,,,,0.11,338,,,,2023,,Y,Apache Version 2.0,N,0,0,0,0,0,0,0,0,0,0,0,0,1,0,0,1,0,0,,,chdb
Linter,Relational,"Relational DBMS,Spatial DBMS",https://db-engines.com/en/system/Linter,N,,-,0.11,340,-,-,relex.ru,1990,,N,,N,0,0,0,0,0,0,0,0,0,0,0,0,1,0,1,0,0,0,1.0,0.0,linter
AgensGraph,Graph,"Graph DBMS,Relational DBMS",https://db-engines.com/en/system/AgensGraph,Y,Y,bitnine-oss/agensgraph,0.11,341,bitnine-oss,agensgraph,Bitnine Global Inc.,2016,2018,Y,Apache License 2.0,N,0,0,0,0,1,0,0,0,0,0,0,0,1,0,0,0,0,0,0.0,0.0,agensgraph
TerminusDB,Graph,"Graph DBMS,Document store,RDF store",https://db-engines.com/en/system/TerminusDB,Y,,terminusdb/terminusdb,0.1,342,terminusdb,terminusdb,DataChemist Ltd.,2018,2023,Y,GPL V3,N,0,0,1,0,1,0,0,0,0,0,0,1,0,0,0,0,0,0,0.0,0.0,terminusdb
Speedb,Key-value,Key-value store,https://db-engines.com/en/system/Speedb,Y,,speedb-io/speedb,0.1,343,speedb-io,speedb,Speedb,2020,,Y,Apache Version 2.0; commercial license available,N,0,0,0,0,0,1,0,0,0,0,0,0,0,0,0,0,0,0,0.0,0.0,speedb
Sparksee,Graph,Graph DBMS,https://db-engines.com/en/system/Sparksee,N,,-,0.1,344,-,-,,2008,2021,N,,N,0,0,0,0,1,0,0,0,0,0,0,0,0,0,0,0,0,0,0.0,0.0,sparksee
Lovefield,Relational,Relational DBMS,https://db-engines.com/en/system/Lovefield,Y,,google/lovefield,0.1,345,google,lovefield,Google,2014,2017,Y,Apache 2.0,N,0,0,0,0,0,0,0,0,0,0,0,0,1,0,0,0,0,0,0.0,0.0,lovefield
FlockDB,Graph,Graph DBMS,https://db-engines.com/en/system/FlockDB,Y_archivedas_twitter-archive/flockdb,Y,twitter-archive/flockdb,0.1,346,twitter-archive,flockdb,Twitter,2010,2012,Y,Apache Version 2,N,0,0,0,0,1,0,0,0,0,0,0,0,0,0,0,0,0,0,0.0,0.0,flockdb
Badger,Key-value,Key-value store,https://db-engines.com/en/system/Badger,Y,,dgraph-io/badger,0.08,347,dgraph-io,badger,DGraph Labs,2017,,Y,Apache 2.0,N,0,0,0,0,0,1,0,0,0,0,0,0,0,0,0,0,0,0,0.0,0.0,badger
Bangdb,Document,"Document store,Graph DBMS,Time Series DBMS,Spatial DBMS",https://db-engines.com/en/system/Bangdb,Y,,sachin-sinha/BangDB,0.08,348,sachin-sinha,BangDB,"Sachin Sinha, BangDB",2012,2021,Y,BSD 3,N,0,0,1,0,1,0,0,0,0,0,0,0,0,0,1,1,0,0,1.0,0.0,bangdb
EJDB,Document,Document store,https://db-engines.com/en/system/EJDB,Y,,Softmotions/ejdb,0.08,349,Softmotions,ejdb,Softmotions,2012,,Y,GPLv2,N,0,0,1,0,0,0,0,0,0,0,0,0,0,0,0,0,0,0,0.0,0.0,ejdb
Exorbyte,Search Engine,Search engine,https://db-engines.com/en/system/Exorbyte,N,,-,0.08,350,-,-,,2000,,N,,N,0,0,0,0,0,0,0,0,0,0,0,0,0,1,0,0,0,0,0.0,0.0,exorbyte
GraphBase,Graph,Graph DBMS,https://db-engines.com/en/system/GraphBase,N,,-,0.07,351,-,-,,,,N,,N,0,0,0,0,1,0,0,0,0,0,0,0,0,0,0,0,0,0,0.0,0.0,graphbase
SiteWhere,Time Series,Time Series DBMS,https://db-engines.com/en/system/SiteWhere,Y,,sitewhere/sitewhere,0.07,352,sitewhere,sitewhere,SiteWhere,2010,,Y,Common Public Attribution License Version 1.0,N,0,0,0,0,0,0,0,0,0,0,0,0,0,0,0,1,0,0,0.0,0.0,sitewhere
ScaleOut StateServer,Key-value,Key-value store,https://db-engines.com/en/system/ScaleOut+StateServer,N,,-,0.07,353,-,-,,2005,,N,,N,0,0,0,0,0,1,0,0,0,0,0,0,0,0,0,0,0,0,0.0,0.0,scaleout-stateserver
Kuzu,Graph,Graph DBMS,https://db-engines.com/en/system/Kuzu,,,,0.07,354,,,,2022,2025,Y,MIT license,N,0,0,0,0,1,0,0,0,0,0,0,0,0,0,0,0,0,0,,,kuzu
CubicWeb,RDF,RDF store,https://db-engines.com/en/system/CubicWeb,Y_NotGithub-gitlabsite_forge.extranet.logilab.fr/cubicweb/cubicweb,N,-,0.07,355,-,-,Logilab,2001,2021,Y,L-GPL,N,0,0,0,0,0,0,0,0,0,0,0,1,0,0,0,0,0,0,0.0,0.0,cubicweb
Alibaba Cloud Table Store,Wide column,Wide column store,https://db-engines.com/en/system/Alibaba+Cloud+Table+Store,N,,-,0.06,356,-,-,Alibaba,2016,,N,,Y,0,0,0,0,0,0,0,0,0,0,0,0,0,0,0,0,0,1,0.0,0.0,alibaba-cloud-table-store
Blueflood,Time Series,Time Series DBMS,https://db-engines.com/en/system/Blueflood,Y,,rackerlabs/blueflood,0.06,357,rackerlabs,blueflood,Rackspace,2013,,Y,Apache 2.0,N,0,0,0,0,0,0,0,0,0,0,0,0,0,0,0,1,0,0,0.0,0.0,blueflood
Elliptics,Key-value,Key-value store,https://db-engines.com/en/system/Elliptics,Y,,reverbrain/elliptics,0.06,357,reverbrain,elliptics,,2009,,Y,,N,0,0,0,0,0,1,0,0,0,0,0,0,0,0,0,0,0,0,0.0,0.0,elliptics
VictoriaLogs,Search Engine,Search engine,https://db-engines.com/en/system/VictoriaLogs,,,,0.06,359,,,VictoriaMetrics,2024,,open source apache license 2.0,,N,0,0,0,0,0,0,0,0,0,0,0,0,0,1,0,0,0,0,,,victorialogs
SenseiDB,Document,Document store,https://db-engines.com/en/system/SenseiDB,Y_archivedas_LinkedInAttic/sensei,N,LinkedInAttic/sensei,0.05,360,LinkedInAttic,sensei,,2010,,Y,Apache Version 2,N,0,0,1,0,0,0,0,0,0,0,0,0,0,0,0,0,0,0,0.0,0.0,senseidb
Forge (IRONdb),Time Series,Time Series DBMS,https://db-engines.com/en/system/Forge+%28IRONdb%29,,,,0.05,361,,,Apica,2017,2025,N,,N,0,0,0,0,0,0,0,0,0,0,0,0,0,0,0,1,0,0,,,forge-irondb
Indica,Search Engine,Search engine,https://db-engines.com/en/system/Indica,N,,-,0.04,362,-,-,,2014,,N,parts of it are open source,N,0,0,0,0,0,0,0,0,0,0,0,0,0,1,0,0,0,0,0.0,0.0,indica
Machbase Neo,Time Series,Time Series DBMS,https://db-engines.com/en/system/Machbase+Neo,Y,,machbase/neo-server,0.04,363,machbase,neo-server,Machbase,2013,2023,N,free test version available,N,0,0,0,0,0,0,0,0,0,0,0,0,0,0,0,1,0,0,0.0,0.0,machbase-neo
NosDB,Document,Document store,https://db-engines.com/en/system/NosDB,Y,,Alachisoft/NosDB,0.04,363,Alachisoft,NosDB,Alachisoft,2016,,Y,Professional and Enterprise Versions available,N,0,0,1,0,0,0,0,0,0,0,0,0,0,0,0,0,0,0,0.0,0.0,nosdb
STSdb,Key-value,Key-value store,https://db-engines.com/en/system/STSdb,Y,,STSSoft/STSdb4,0.04,363,STSSoft,STSdb4,STS Soft SC,2011,2015,Y,"GPLv2, commercial license available",N,0,0,0,0,0,1,0,0,0,0,0,0,0,0,0,0,0,0,0.0,0.0,stsdb
WakandaDB,Object Oriented,Object oriented DBMS,https://db-engines.com/en/system/WakandaDB,N_commercial,Y,-,0.03,366,-,-,Wakanda SAS,2012,2019,Y,"AGPLv3, extended commercial license available",N,0,0,0,0,0,0,0,0,0,0,1,0,0,0,0,0,0,0,0.0,0.0,wakandadb
Sadas Engine,Relational,Relational DBMS,https://db-engines.com/en/system/Sadas+Engine,N,,-,0.03,367,-,-,SADAS s.r.l.,2006,,N,free trial version available,N,0,0,0,0,0,0,0,0,0,0,0,0,1,0,0,0,0,0,0.0,0.0,sadas-engine
Jade,Object Oriented,Object oriented DBMS,https://db-engines.com/en/system/Jade,N,,-,0.03,368,-,-,,1996,,N,,N,0,0,0,0,0,0,0,0,0,0,1,0,0,0,0,0,0,0,0.0,0.0,jade
JethroData,Relational,Relational DBMS,https://db-engines.com/en/system/JethroData,N,,-,0.03,369,-,-,JethroData,2013,,N,,N,0,0,0,0,0,0,0,0,0,0,0,0,1,0,0,0,0,0,0.0,0.0,jethrodata
Faircom EDGE,Key-value,"Key-value store,Relational DBMS",https://db-engines.com/en/system/Faircom+EDGE,N,,-,0.03,370,-,-,FairCom Corporation,1979,2020,N,"Restricted, free version available",N,0,0,0,0,0,1,0,0,0,0,0,0,1,0,0,0,0,0,0.0,0.0,faircom-edge
Heroic,Time Series,Time Series DBMS,https://db-engines.com/en/system/Heroic,Y_archivedas_spotify/heroic,N,spotify/heroic,0.02,371,spotify,heroic,Spotify,2014,,Y,Apache 2.0,N,0,0,0,0,0,0,0,0,0,0,0,0,0,0,0,1,0,0,0.0,0.0,heroic
Hawkular Metrics,Time Series,Time Series DBMS,https://db-engines.com/en/system/Hawkular+Metrics,Y,,hawkular/hawkular-metrics,0.02,372,hawkular,hawkular-metrics,Community supported by Red Hat,2014,,Y,Apache 2.0,N,0,0,0,0,0,0,0,0,0,0,0,0,0,0,0,1,0,0,0.0,0.0,hawkular-metrics
OpenMLDB,Time Series,"Time Series DBMS,Relational DBMS",https://db-engines.com/en/system/OpenMLDB,,,,0.02,373,,,4 Paradigm Inc.,2020,2024,Y,,N,0,0,0,0,0,0,0,0,0,0,0,0,1,0,0,1,0,0,,,openmldb
Dydra,RDF,RDF store,https://db-engines.com/en/system/Dydra,Y_UnlicenseLicense,,dydra/dydra,0.02,374,dydra,dydra,,2010,,N,,N,0,0,0,0,0,0,0,0,0,0,0,1,0,0,0,0,0,0,0.0,0.0,dydra
SmallSQL,Relational,Relational DBMS,https://db-engines.com/en/system/SmallSQL,Y,,CptTZ/SmallSQL,0.02,375,CptTZ,SmallSQL,,2005,,Y,L-GPL,N,0,0,0,0,0,0,0,0,0,0,0,0,1,0,0,0,0,0,0.0,0.0,smallsql
SparkleDB,RDF,RDF store,https://db-engines.com/en/system/SparkleDB,N,,-,0.02,376,-,-,,2012,,N,,N,0,0,0,0,0,0,0,0,0,0,0,1,0,0,0,0,0,0,0.0,0.0,sparkledb
TinkerGraph,Graph,Graph DBMS,https://db-engines.com/en/system/TinkerGraph,Y,,apache/tinkerpop,0.02,377,apache,tinkerpop,,2009,,Y,Apache 2.0,N,0,0,0,0,1,0,0,0,0,0,0,0,0,0,0,0,0,0,0.0,0.0,tinkergraph
gStore,Graph,"Graph DBMS,RDF store",https://db-engines.com/en/system/gStore,Y,,pkumod/gStore,0.01,378,pkumod,gStore,,2016,2023,Y,BSD,N,0,0,0,0,1,0,0,0,0,0,0,1,0,0,0,0,0,0,0.0,0.0,gstore
Acebase,Document,Document store,https://db-engines.com/en/system/Acebase,Y,,appy-one/acebase,0.01,379,appy-one,acebase,,2018,,Y,MIT License,N,0,0,1,0,0,0,0,0,0,0,0,0,0,0,0,0,0,0,0.0,0.0,acebase
Resin Cache,Key-value,Key-value store,https://db-engines.com/en/system/Resin+Cache,Y,,dlitz/resin,0.01,380,dlitz,resin,,1998,2021,Y,"GPLv3, extended commercial license available",N,0,0,0,0,0,1,0,0,0,0,0,0,0,0,0,0,0,0,0.0,0.0,resin-cache
SWC-DB,Wide column,"Wide column store,Time Series DBMS",https://db-engines.com/en/system/SWC-DB,Y,,kashirin-alex/swc-db,0.01,381,kashirin-alex,swc-db,Alex Kashirin,2020,2021,Y,GPL V3,N,0,0,0,0,0,0,0,0,0,0,0,0,0,0,0,1,0,1,0.0,0.0,swc-db
Eloquera,Object Oriented,Object oriented DBMS,https://db-engines.com/en/system/Eloquera,N,,-,0.01,382,-,-,,2008,2014,N,free licenses,N,0,0,0,0,0,0,0,0,0,0,1,0,0,0,0,0,0,0,0.0,0.0,eloquera
NSDb,Time Series,Time Series DBMS,https://db-engines.com/en/system/NSDb,Y,,radicalbit/NSDb,0.01,383,radicalbit,NSDb,,2017,,Y,Apache Version 2.0,N,0,0,0,0,0,0,0,0,0,0,0,0,0,0,0,1,0,0,0.0,0.0,nsdb
OushuDB,Relational,Relational DBMS,https://db-engines.com/en/system/OushuDB,N,,-,0.0,384,-,-,Oushu,,2020,N,,N,0,0,0,0,0,0,0,0,0,0,0,0,1,0,0,0,0,0,0.0,0.0,oushudb
Siaqodb,Object Oriented,Object oriented DBMS,https://db-engines.com/en/system/Siaqodb,Y_Nonlicense,,morecraf/Siaqodb,0.0,385,morecraf,Siaqodb,,,,N,,N,0,0,0,0,0,0,0,0,0,0,1,0,0,0,0,0,0,0,0.0,0.0,siaqodb
LedisDB,Key-value,Key-value store,https://db-engines.com/en/system/LedisDB,Y,,ledisdb/ledisdb,0.0,386,ledisdb,ledisdb,,2014,,Y,MIT-License,N,0,0,0,0,0,1,0,0,0,0,0,0,0,0,0,0,0,0,0.0,0.0,ledisdb
SwayDB,Key-value,Key-value store,https://db-engines.com/en/system/SwayDB,Y,,simerplaha/SwayDB,0.0,387,simerplaha,SwayDB,Simer Plaha,2018,,Y,GNU Affero GPL V3.0,N,0,0,0,0,0,1,0,0,0,0,0,0,0,0,0,0,0,0,0.0,0.0,swaydb
ActorDB,Relational,Relational DBMS,https://db-engines.com/en/system/ActorDB,Y,,biokoda/actordb,0.0,388,biokoda,actordb,,2014,,Y,Mozilla Public License 2.0,N,0,0,0,0,0,0,0,0,0,0,0,0,1,0,0,0,0,0,0.0,0.0,actordb
AntDB,Relational,Relational DBMS,https://db-engines.com/en/system/AntDB,Y,,ADBSQL/AntDB,0.0,388,ADBSQL,AntDB,AsiaInfo Technologies Limited,,,N,"community version available at,github.com/ADBSQL/AntDB",N,0,0,0,0,0,0,0,0,0,0,0,0,1,0,0,0,0,0,0.0,0.0,antdb
BergDB,Key-value,Key-value store,https://db-engines.com/en/system/BergDB,Y,,bergdb/bergdb,0.0,388,bergdb,bergdb,,2013,,Y,Gnu Affero General Public License (AGPL),N,0,0,0,0,0,1,0,0,0,0,0,0,0,0,0,0,0,0,0.0,0.0,bergdb
BrightstarDB,RDF,RDF store,https://db-engines.com/en/system/BrightstarDB,Y,,BrightstarDB/BrightstarDB,0.0,388,BrightstarDB,BrightstarDB,,2012,,Y,,N,0,0,0,0,0,0,0,0,0,0,0,1,0,0,0,0,0,0,0.0,0.0,brightstardb
Cachelot.io,Key-value,Key-value store,https://db-engines.com/en/system/Cachelot.io,Y,,cachelot/cachelot,0.0,388,cachelot,cachelot,,2015,,Y,Simplified BSD License,N,0,0,0,0,0,1,0,0,0,0,0,0,0,0,0,0,0,0,0.0,0.0,cachelotio
CortexDB,Document,"Document store,Key-value store",https://db-engines.com/en/system/CortexDB,N,,-,0.0,388,-,-,,2014,,N,,N,0,0,1,0,0,1,0,0,0,0,0,0,0,0,0,0,0,0,0.0,0.0,cortexdb
CovenantSQL,Relational,Relational DBMS,https://db-engines.com/en/system/CovenantSQL,Y,,CovenantSQL/CovenantSQL,0.0,388,CovenantSQL,CovenantSQL,,2018,,Y,,N,0,0,0,0,0,0,0,0,0,0,0,0,1,0,0,0,0,0,0.0,0.0,covenantsql
DaggerDB,Relational,Relational DBMS,https://db-engines.com/en/system/DaggerDB,N,,-,0.0,388,-,-,,2014,,N,,N,0,0,0,0,0,0,0,0,0,0,0,0,1,0,0,0,0,0,0.0,0.0,daggerdb
DataFS,Object Oriented,"Object oriented DBMS,Graph DBMS",https://db-engines.com/en/system/DataFS,N,,-,0.0,388,-,-,Mobiland AG,2018,2022,N,,N,0,0,0,0,1,0,0,0,0,0,1,0,0,0,0,0,0,0,0.0,0.0,datafs
Diana DB,NoSQL,NoSQL,https://db-engines.com/en/system/Diana+DB,,,,0.0,388,,,,,,,,,0,0,0,0,0,0,0,0,0,1,0,0,0,0,0,0,0,0,,,diana-db
Easysearch,Vector,Vector DBMS,https://db-engines.com/en/system/Easysearch,,,,0.0,388,,,,,,,,,0,0,0,0,0,0,0,0,0,0,0,0,0,0,0,0,1,0,,,easysearch
Edge Intelligence,Relational,Relational DBMS,https://db-engines.com/en/system/Edge+Intelligence,N,,-,0.0,388,-,-,Adapdix,2012,,N,,N,0,0,0,0,0,0,0,0,0,0,0,0,1,0,0,0,0,0,0.0,0.0,edge-intelligence
EdgelessDB,Relational,Relational DBMS,https://db-engines.com/en/system/EdgelessDB,Y,,edgelesssys/edgelessdb,0.0,388,edgelesssys,edgelessdb,Edgeless Systems,2021,,Y,GPL V2,N,0,0,0,0,0,0,0,0,0,0,0,0,1,0,0,0,0,0,0.0,0.0,edgelessdb
Galaxybase,Graph,Graph DBMS,https://db-engines.com/en/system/Galaxybase,N,,-,0.0,388,-,-,"Chuanglin(Createlink) Technology Co., Ltd 浙江创邻科技有限公司",2017,2021,N,,N,0,0,0,0,1,0,0,0,0,0,0,0,0,0,0,0,0,0,0.0,0.0,galaxybase
H2GIS,Spatial,"Spatial DBMS,Relational DBMS",https://db-engines.com/en/system/H2GIS,Y,,orbisgis/h2gis,0.0,388,orbisgis,h2gis,CNRS,2013,,Y,LGPL 3.0,N,0,0,0,0,0,0,0,0,0,0,0,0,1,0,1,0,0,0,1.0,0.0,h2gis
Helium,Key-value,Key-value store,https://db-engines.com/en/system/Helium,N,,-,0.0,388,-,-,Levyx Inc.,2013,,N,,N,0,0,0,0,0,1,0,0,0,0,0,0,0,0,0,0,0,0,0.0,0.0,helium
HGraphDB,Graph,Graph DBMS,https://db-engines.com/en/system/HGraphDB,Y,,rayokota/hgraphdb,0.0,388,rayokota,hgraphdb,,2016,,Y,Apache 2.0,N,0,0,0,0,1,0,0,0,0,0,0,0,0,0,0,0,0,0,0.0,0.0,hgraphdb
HyperLevelDB,Key-value,Key-value store,https://db-engines.com/en/system/HyperLevelDB,Y,,rescrv/HyperLevelDB,0.0,388,rescrv,HyperLevelDB,,2010,,Y,,N,0,0,0,0,0,1,0,0,0,0,0,0,0,0,0,0,0,0,0.0,0.0,hyperleveldb
iBoxDB,Document,Document store,https://db-engines.com/en/system/iBoxDB,Y,,iboxdb/ftserver,0.0,388,iboxdb,ftserver,,2013,,Y,,N,0,0,1,0,0,0,0,0,0,0,0,0,0,0,0,0,0,0,0.0,0.0,iboxdb
InfinityDB,Key-value,Key-value store,https://db-engines.com/en/system/InfinityDB,N,,-,0.0,388,-,-,Boiler Bay Inc.,2002,,N,,N,0,0,0,0,0,1,0,0,0,0,0,0,0,0,0,0,0,0,0.0,0.0,infinitydb
JaguarDB,Key-value,"Key-value store,Vector DBMS",https://db-engines.com/en/system/JaguarDB,Y,Y,datajaguar/jaguardb,0.0,388,datajaguar,jaguardb,"DataJaguar, Inc.",2015,2023,Y,GPL V3.0,N,0,0,0,0,0,1,0,0,0,0,0,0,0,0,0,0,1,0,0.0,1.0,jaguardb
JasDB,Document,Document store,https://db-engines.com/en/system/JasDB,Y,,oberasoftware/jasdb,0.0,388,oberasoftware,jasdb,,2014,,Y,,N,0,0,1,0,0,0,0,0,0,0,0,0,0,0,0,0,0,0,0.0,0.0,jasdb
K-DB,Relational,Relational DBMS,https://db-engines.com/en/system/K-DB,N,,-,0.0,388,-,-,Inspur Group,,,N,,N,0,0,0,0,0,0,0,0,0,0,0,0,1,0,0,0,0,0,0.0,0.0,k-db
Newts,Time Series,Time Series DBMS,https://db-engines.com/en/system/Newts,Y,,OpenNMS/newts,0.0,388,OpenNMS,newts,OpenNMS Group,2014,,Y,Apache 2.0,N,0,0,0,0,0,0,0,0,0,0,0,0,0,0,0,1,0,0,0.0,0.0,newts
openGemini,Time Series,Time Series DBMS,https://db-engines.com/en/system/openGemini,Y,,openGemini/openGemini,0.0,388,openGemini,openGemini,Huawei and openGemini community,2022,2023,Y,Apache Version 2.0,N,0,0,0,0,0,0,0,0,0,0,0,0,0,0,0,1,0,0,0.0,,opengemini
OpenTenBase,Relational,Relational DBMS,https://db-engines.com/en/system/OpenTenBase,,,,0.0,388,,,"OpenAtom Foundation, previously Tencent",,2024,Y,BSD-3,N,0,0,0,0,0,0,0,0,0,0,0,0,1,0,0,0,0,0,,,opentenbase
RayforceDB,Columnar,Columnar,https://db-engines.com/en/system/RayforceDB,,,,0.0,388,,,,,,,,,1,0,0,0,0,0,0,0,0,0,0,0,0,0,0,0,0,0,,,rayforcedb
ReductStore,Time Series,Time Series DBMS,https://db-engines.com/en/system/ReductStore,,,,0.0,388,,,ReductSoftware,2023,2024,Y,Business Source License 1.1,N,0,0,0,0,0,0,0,0,0,0,0,0,0,0,0,1,0,0,,,reductstore
Rizhiyi,Search Engine,"Search engine,Time Series DBMS",https://db-engines.com/en/system/Rizhiyi,N,,-,0.0,388,-,-,Rizhiyi,2014,,N,,N,0,0,0,0,0,0,0,0,0,0,0,0,0,1,0,1,0,0,0.0,0.0,rizhiyi
searchxml,Native XML,"Native XML DBMS,Search engine",https://db-engines.com/en/system/searchxml,N,,-,0.0,388,-,-,informationpartners gmbh,2015,,N,,N,0,0,0,0,0,0,0,1,0,0,0,0,0,1,0,0,0,0,0.0,0.0,searchxml
SiriDB,Time Series,Time Series DBMS,https://db-engines.com/en/system/SiriDB,Y,,SiriDB/siridb-server,0.0,388,SiriDB,siridb-server,Cesbit,2017,,Y,MIT License,N,0,0,0,0,0,0,0,0,0,0,0,0,0,0,0,1,0,0,0.0,0.0,siridb
Skytable,Key-value,Key-value store,https://db-engines.com/en/system/Skytable,Y,Y,skytable/skytable,0.0,388,skytable,skytable,"Skytable, Inc.",2020,,Y,GNU AGPL 3.0,N,0,0,0,0,0,1,0,0,0,0,0,0,0,0,0,0,0,0,0.0,0.0,skytable
SpaceTime,Spatial,"Spatial DBMS,Relational DBMS",https://db-engines.com/en/system/SpaceTime,N,,-,0.0,388,-,-,Mireo,2020,,N,,N,0,0,0,0,0,0,0,0,0,0,0,0,1,0,1,0,0,0,1.0,0.0,spacetime
SpacetimeDB,Relational,Relational DBMS,https://db-engines.com/en/system/SpacetimeDB,,,,0.0,388,,,"Clockwork Labs,clockworklabs.io",,,"business source license, which converts to an agpl (with linking exception) open-source license after 4 years.",,N,0,0,0,0,0,0,0,0,0,0,0,0,1,0,0,0,0,0,,,spacetimedb
SvectorDB,Vector,Vector DBMS,https://db-engines.com/en/system/SvectorDB,,,,0.0,388,,,SvectorDB,2023,,N,,Y,0,0,0,0,0,0,0,0,0,0,0,0,0,0,0,0,1,0,,,svectordb
TerarkDB,Key-value,Key-value store,https://db-engines.com/en/system/TerarkDB,Y_GithubFork,,bytedance/terarkdb,0.0,388,bytedance,terarkdb,"ByteDance, originally Terark",2016,,N,restricted open source version available,N,0,0,0,0,0,1,0,0,0,0,0,0,0,0,0,0,0,0,0.0,0.0,terarkdb
TidesDB,Key-value,Key-value store,https://db-engines.com/en/system/TidesDB,,,,0.0,388,,,"Alex Gaetano Padula, TidesDB Contributors, TidesDB Corp.",2023,,mpl-2.0 / gplv2,,N,0,0,0,0,0,1,0,0,0,0,0,0,0,0,0,0,0,0,,,tidesdb
Tigris,Document,"Document store,Key-value store,Search engine,Time Series DBMS",https://db-engines.com/en/system/Tigris,Y,,tigrisdata/tigris,0.0,388,tigrisdata,tigris,"Tigris Data, Inc.",2022,,Y,Apache Version 2.0,N,0,0,1,0,0,1,0,0,0,0,0,0,0,1,0,1,0,0,0.0,0.0,tigris
Tkrzw,Key-value,Key-value store,https://db-engines.com/en/system/Tkrzw,Y,,estraier/tkrzw,0.0,388,estraier,tkrzw,Mikio Hirabayashi,2020,2020,Y,Apache Version 2.0,N,0,0,0,0,0,1,0,0,0,0,0,0,0,0,0,0,0,0,0.0,0.0,tkrzw
TomP2P,Key-value,Key-value store,https://db-engines.com/en/system/TomP2P,Y,,tomp2p/TomP2P,0.0,388,tomp2p,TomP2P,,2004,,Y,Apache Version 2,N,0,0,0,0,0,1,0,0,0,0,0,0,0,0,0,0,0,0,0.0,0.0,tomp2p
Transbase,Relational,Relational DBMS,https://db-engines.com/en/system/Transbase,N,,-,0.0,388,-,-,Transaction Software GmbH,1987,2022,N,free development license,N,0,0,0,0,0,0,0,0,0,0,0,0,1,0,0,0,0,0,0.0,0.0,transbase
Transwarp ArgoDB,Relational,"Relational DBMS,Search engine",https://db-engines.com/en/system/Transwarp+ArgoDB,N,,-,0.0,388,-,-,Transwarp,,,N,,N,0,0,0,0,0,0,0,0,0,0,0,0,1,1,0,0,0,0,0.0,0.0,transwarp-argodb
Transwarp Hippo,Vector,Vector DBMS,https://db-engines.com/en/system/Transwarp+Hippo,N,,-,0.0,388,-,-,,2023,2023,N,,N,0,0,0,0,0,0,0,0,0,0,0,0,0,0,0,0,1,0,0.0,1.0,transwarp-hippo
Transwarp KunDB,Relational,Relational DBMS,https://db-engines.com/en/system/Transwarp+KunDB,N,,-,0.0,388,-,-,Transwarp,,,N,,N,0,0,0,0,0,0,0,0,0,0,0,0,1,0,0,0,0,0,0.0,0.0,transwarp-kundb
Transwarp StellarDB,Graph,Graph DBMS,https://db-engines.com/en/system/Transwarp+StellarDB,Y_IssueTracking,,stellardb/StellarDB,0.0,388,stellardb,StellarDB,Transwarp,,,N,,N,0,0,0,0,1,0,0,0,0,0,0,0,0,0,0,0,0,0,0.0,0.0,transwarp-stellardb
Upscaledb,Key-value,Key-value store,https://db-engines.com/en/system/Upscaledb,Y,,cruppstahl/upscaledb,0.0,388,cruppstahl,upscaledb,,2007,,Y,Apache Version 2,N,0,0,0,0,0,1,0,0,0,0,0,0,0,0,0,0,0,0,0.0,0.0,upscaledb
VelocityDB,Graph,"Graph DBMS,Object oriented DBMS",https://db-engines.com/en/system/VelocityDB,N,,-,0.0,388,-,-,VelocityDB Inc,2011,,N,,N,0,0,0,0,1,0,0,0,0,0,1,0,0,0,0,0,0,0,0.0,0.0,velocitydb
VillageSQL,Relational,"Relational DBMS,Document store,Spatial DBMS",https://db-engines.com/en/system/VillageSQL,,,,0.0,388,,,VillageSQL,2025,,open source — gpl v2,,N,0,0,1,0,0,0,0,0,0,0,0,0,1,0,1,0,0,0,,,villagesql
WhiteDB,Document,Document store,https://db-engines.com/en/system/WhiteDB,Y,,priitj/whitedb,0.0,388,priitj,whitedb,,2008,,Y,GPL V3,N,0,0,1,0,0,0,0,0,0,0,0,0,0,0,0,0,0,0,0.0,0.0,whitedb
